Selected,player,player_id,season,lg,age,team,pos,g,gs,mp,fg_per_36_min,fga_per_36_min,fg_percent,x3p_per_36_min,x3pa_per_36_min,x3p_percent,x2p_per_36_min,x2pa_per_36_min,x2p_percent,e_fg_percent,ft_per_36_min,fta_per_36_min,ft_percent,orb_per_36_min,drb_per_36_min,trb_per_36_min,ast_per_36_min,stl_per_36_min,blk_per_36_min,tov_per_36_min,pf_per_36_min,pts_per_36_min
No Yes,string,string,continuous,ABA NBA,continuous,2TM 3TM 4TM 5TM ANA ATL BAL BLB BOS BRK BUF CAP CAR CHA CHH CHI CHO CHP CHZ CIN CLE DAL DEN DET DLC DNA DNR FLO FTW GSW HOU HSM INA IND INO KCK KCO KEN LAC LAL LAS MEM MIA MIL MIN MLH MMF MMP MMS MMT MNL MNM MNP NJA NJN NOB NOH NOJ NOK NOP NYA NYK NYN OAK OKC ORL PHI PHO PHW POR PTC PTP ROC SAA SAC SAS SDA SDC SDR SDS SEA SFW SSL STL SYR TEX TOR UTA UTS VAN VIR WAS WSA WSB,C PF PG SF SG,continuous,continuous,continuous,continuous,continuous,continuous,continuous,continuous,continuous,continuous,continuous,continuous,continuous,continuous,continuous,continuous,continuous,continuous,continuous,continuous,continuous,continuous,continuous,continuous,continuous
class,meta,meta,,,,,,,,,,,,,,,,,,,,,,,,,,,,,,
No,Álex Abrines,abrinal01,2017,NBA,23,OKC,SG,68,6,1055,4.6,11.6,0.393,3.2,8.4,0.381,1.4,3.2,0.426,0.531,1.5,1.7,0.898,0.6,2.3,2.9,1.4,1.3,0.3,1.1,3.9,13.9
No,Quincy Acy,acyqu01,2017,NBA,26,2TM,PF,38,1,558,4.5,11.0,0.412,2.4,5.8,0.411,2.1,5.2,0.413,0.521,2.9,3.9,0.750,1.3,6.1,7.4,1.2,0.9,1.0,1.4,4.3,14.3
No,Quincy Acy,acyqu01,2017,NBA,26,DAL,PF,6,0,48,3.7,12.7,0.294,0.7,5.2,0.143,3.0,7.5,0.400,0.324,1.5,2.3,0.667,1.5,4.5,6.0,0.0,0.0,0.0,1.5,6.8,9.7
No,Quincy Acy,acyqu01,2017,NBA,26,BRK,PF,32,1,510,4.6,10.8,0.425,2.5,5.9,0.434,2.0,4.9,0.414,0.542,3.0,4.0,0.754,1.3,6.3,7.6,1.3,1.0,1.1,1.3,4.1,14.8
No,Steven Adams,adamsst01,2017,NBA,23,OKC,C,80,80,2389,5.6,9.9,0.571,0.0,0.0,0.000,5.6,9.9,0.572,0.571,2.4,3.9,0.611,4.2,5.0,9.2,1.3,1.3,1.2,2.2,2.9,13.6
No,Arron Afflalo,afflaar01,2017,NBA,31,SAC,SG,61,45,1580,4.2,9.6,0.440,1.4,3.4,0.411,2.8,6.1,0.457,0.514,1.9,2.1,0.892,0.2,2.6,2.8,1.8,0.5,0.1,1.0,2.4,11.7
No,Alexis Ajinça,ajincal01,2017,NBA,28,NOP,C,39,15,584,5.5,11.0,0.500,0.0,0.2,0.000,5.5,10.7,0.511,0.500,1.8,2.5,0.725,2.8,8.1,10.9,0.7,1.2,1.4,1.9,4.7,12.8
No,Cole Aldrich,aldrico01,2017,NBA,28,MIN,C,62,0,531,3.1,5.8,0.523,0.0,0.0,,3.1,5.8,0.523,0.523,1.0,1.5,0.682,3.5,7.3,10.7,1.7,1.7,1.6,1.2,5.8,7.1
No,LaMarcus Aldridge,aldrila01,2017,NBA,31,SAS,PF,72,72,2335,7.7,16.2,0.477,0.4,0.9,0.411,7.4,15.3,0.480,0.488,3.4,4.2,0.812,2.7,5.4,8.1,2.1,0.7,1.4,1.5,2.4,19.2
No,Lavoy Allen,allenla01,2017,NBA,27,IND,PF,61,5,871,3.2,6.9,0.458,0.0,0.0,0.000,3.2,6.9,0.461,0.458,1.0,1.4,0.697,4.3,4.7,9.1,2.4,0.7,1.0,1.2,3.2,7.3
No,Tony Allen,allento01,2017,NBA,35,MEM,SG,71,66,1914,5.2,11.2,0.461,0.3,1.0,0.278,4.9,10.2,0.479,0.473,1.5,2.4,0.615,3.1,4.2,7.4,1.8,2.2,0.5,1.9,3.3,12.1
No,Al-Farouq Aminu,aminual01,2017,NBA,26,POR,PF,61,25,1773,3.7,9.5,0.393,1.4,4.3,0.330,2.3,5.2,0.445,0.468,1.9,2.8,0.706,1.6,7.6,9.2,2.0,1.2,0.9,1.9,2.1,10.8
No,Alan Anderson,anderal01,2017,NBA,34,LAC,SF,30,0,308,3.5,9.4,0.375,1.6,5.1,0.318,1.9,4.2,0.444,0.463,1.4,1.9,0.750,0.4,2.5,2.8,1.3,0.4,0.0,0.8,4.1,10.1
No,Chris Andersen,anderch01,2017,NBA,38,CLE,C,12,0,114,2.8,6.9,0.409,0.0,0.9,0.000,2.8,6.0,0.474,0.409,3.2,4.4,0.714,2.8,6.9,9.8,1.6,1.6,2.2,1.6,6.3,8.8
No,Justin Anderson,anderju01,2017,NBA,23,2TM,SF,75,10,1228,5.5,12.9,0.424,1.7,5.7,0.299,3.8,7.2,0.522,0.490,3.0,3.8,0.791,2.0,5.2,7.2,1.9,1.2,0.7,1.9,3.2,15.6
No,Justin Anderson,anderju01,2017,NBA,23,DAL,SF,51,2,710,5.6,14.0,0.401,1.9,6.2,0.303,3.8,7.9,0.477,0.468,3.5,4.5,0.795,2.0,5.6,7.6,1.6,1.4,0.8,2.0,3.2,16.7
No,Justin Anderson,anderju01,2017,NBA,23,PHI,SF,24,8,518,5.2,11.3,0.463,1.5,5.0,0.292,3.8,6.3,0.600,0.528,2.2,2.8,0.780,2.1,4.6,6.7,2.4,0.9,0.5,1.8,3.1,14.1
No,Kyle Anderson,anderky01,2017,NBA,23,SAS,SF,72,14,1020,3.3,7.4,0.445,0.5,1.4,0.375,2.8,6.0,0.462,0.481,1.6,2.0,0.789,1.2,6.2,7.3,3.2,1.8,0.9,1.4,2.2,8.7
No,Ryan Anderson,anderry01,2017,NBA,28,HOU,PF,72,72,2116,5.5,13.2,0.418,3.5,8.6,0.403,2.0,4.5,0.446,0.550,2.2,2.6,0.860,1.9,3.7,5.6,1.2,0.5,0.2,0.9,2.4,16.7
No,Giannis Antetokounmpo,antetgi01,2017,NBA,22,MIL,SF,80,80,2845,8.3,15.9,0.521,0.6,2.3,0.272,7.7,13.7,0.563,0.541,6.0,7.7,0.770,1.8,7.1,8.9,5.5,1.7,1.9,3.0,3.1,23.2
No,Carmelo Anthony,anthoca01,2017,NBA,32,NYK,SF,74,74,2538,8.5,19.7,0.433,2.1,6.0,0.359,6.4,13.7,0.466,0.488,4.3,5.2,0.833,0.9,5.3,6.2,3.0,0.9,0.5,2.2,2.8,23.5
No,Joel Anthony,anthojo01,2017,NBA,34,SAS,C,19,0,122,3.0,4.7,0.625,0.0,0.0,,3.0,4.7,0.625,0.625,1.5,2.4,0.625,2.4,6.8,9.1,0.9,0.6,1.8,1.2,3.2,7.4
No,Trevor Ariza,arizatr01,2017,NBA,31,HOU,SF,80,80,2773,4.2,10.4,0.409,2.5,7.2,0.344,1.8,3.2,0.556,0.528,1.2,1.6,0.738,0.7,5.2,5.9,2.3,1.9,0.3,0.9,1.7,12.2
No,Metta World Peace,artesro01,2017,NBA,37,LAL,SF,25,2,160,4.3,15.3,0.279,2.0,8.6,0.237,2.3,6.8,0.333,0.346,2.3,3.6,0.625,1.1,3.4,4.5,2.5,2.3,0.5,1.6,4.1,12.8
No,Darrell Arthur,arthuda01,2017,NBA,28,DEN,PF,41,7,639,5.4,12.1,0.442,3.0,6.6,0.453,2.4,5.5,0.429,0.565,1.1,1.2,0.864,1.4,4.9,6.3,2.4,1.1,1.2,2.0,4.3,14.8
No,Ömer Aşık,asikom01,2017,NBA,30,NOP,C,31,19,482,2.3,4.9,0.477,0.0,0.0,,2.3,4.9,0.477,0.477,1.7,2.9,0.590,3.6,8.6,12.2,1.1,0.4,0.7,1.0,3.8,6.3
No,D.J. Augustin,augusdj01,2017,NBA,29,ORL,PG,78,20,1538,4.6,12.1,0.377,2.2,6.4,0.347,2.3,5.7,0.412,0.469,3.1,3.8,0.814,0.4,2.4,2.7,4.9,0.7,0.0,2.1,2.4,14.4
No,Luke Babbitt,babbilu01,2017,NBA,27,MIA,SF,68,55,1065,3.8,9.5,0.402,2.9,7.1,0.414,0.9,2.4,0.366,0.557,0.4,0.5,0.733,0.4,4.4,4.8,1.2,0.7,0.4,0.8,4.0,11.0
No,Ron Baker,bakerro01,2017,NBA,23,NYK,SG,52,13,857,3.4,9.1,0.378,1.0,3.6,0.267,2.5,5.5,0.450,0.431,1.2,1.8,0.651,0.5,3.6,4.1,4.5,1.4,0.3,2.4,3.1,9.0
No,Wade Baldwin,baldwwa01,2017,NBA,20,MEM,PG,33,1,405,3.2,10.2,0.313,0.3,2.0,0.136,2.9,8.3,0.355,0.326,2.8,3.3,0.838,1.0,3.1,4.1,5.4,1.6,0.6,3.5,3.6,9.4
No,Leandro Barbosa,barbole01,2017,NBA,34,PHO,SG,67,0,963,6.4,14.7,0.439,1.3,3.7,0.357,5.1,11.0,0.466,0.483,1.5,1.7,0.889,0.6,3.3,3.9,3.0,1.2,0.3,1.8,3.1,15.7
No,J.J. Barea,bareajo01,2017,NBA,32,DAL,PG,35,6,771,6.6,16.0,0.414,2.5,6.9,0.358,4.2,9.1,0.456,0.491,2.1,2.4,0.863,0.4,3.5,3.9,9.0,0.7,0.0,2.9,1.4,17.8
No,Harrison Barnes,barneha02,2017,NBA,24,DAL,PF,79,79,2803,7.7,16.4,0.468,1.0,2.9,0.351,6.7,13.6,0.492,0.498,3.1,3.6,0.861,1.2,3.9,5.1,1.5,0.8,0.2,1.3,1.6,19.5
No,Matt Barnes,barnema02,2017,NBA,36,2TM,SF,74,18,1777,3.7,9.6,0.391,1.8,5.3,0.331,2.0,4.3,0.467,0.483,1.4,1.8,0.787,1.4,6.4,7.8,4.0,1.0,0.5,2.2,3.7,10.7
No,Matt Barnes,barnema02,2017,NBA,36,SAC,SF,54,13,1367,3.9,10.1,0.384,1.8,5.6,0.327,2.1,4.5,0.453,0.474,1.3,1.7,0.758,1.4,6.3,7.7,4.0,0.9,0.4,2.2,3.6,10.9
No,Matt Barnes,barnema02,2017,NBA,36,GSW,SF,20,5,410,3.3,7.9,0.422,1.6,4.6,0.346,1.8,3.3,0.526,0.522,1.8,2.0,0.870,1.3,6.7,8.0,4.0,1.1,0.8,2.1,4.1,10.0
No,Will Barton,bartowi01,2017,NBA,26,DEN,SG,60,19,1705,6.2,14.1,0.443,1.8,5.0,0.370,4.4,9.1,0.483,0.508,3.0,4.0,0.753,1.2,4.2,5.5,4.3,1.0,0.6,2.0,2.3,17.3
No,Brandon Bass,bassbr01,2017,NBA,31,LAC,PF,52,0,577,6.7,11.6,0.575,0.1,0.2,0.333,6.6,11.4,0.579,0.578,4.8,5.5,0.875,2.7,5.4,8.0,1.3,0.9,0.7,1.8,2.8,18.2
No,Nicolas Batum,batumni01,2017,NBA,28,CHO,SG,77,77,2617,5.4,13.4,0.403,1.9,5.6,0.333,3.5,7.8,0.453,0.472,3.3,3.9,0.856,0.6,6.0,6.6,6.3,1.2,0.4,2.7,1.5,16.0
No,Jerryd Bayless,bayleje01,2017,NBA,28,PHI,PG,3,1,71,5.6,16.2,0.344,1.0,2.5,0.400,4.6,13.7,0.333,0.375,4.6,5.1,0.900,1.5,4.6,6.1,6.6,0.0,0.0,4.6,2.0,16.7
No,Aron Baynes,baynear01,2017,NBA,30,DET,C,75,2,1163,4.4,8.6,0.513,0.0,0.0,,4.4,8.6,0.513,0.513,2.4,2.9,0.840,3.4,6.9,10.3,1.0,0.5,1.2,1.5,5.1,11.3
No,Kent Bazemore,bazemke01,2017,NBA,27,ATL,SF,73,64,1963,5.4,13.2,0.409,1.7,4.9,0.346,3.7,8.3,0.446,0.473,2.2,3.1,0.708,0.8,3.4,4.2,3.2,1.7,1.0,2.3,3.0,14.7
No,Bradley Beal,bealbr01,2017,NBA,23,WAS,SG,77,77,2684,8.5,17.7,0.482,3.0,7.4,0.404,5.6,10.3,0.538,0.566,3.8,4.6,0.825,0.7,2.5,3.2,3.6,1.1,0.3,2.1,2.3,23.9
No,Malik Beasley,beaslma01,2017,NBA,20,DEN,SG,22,1,165,7.2,15.9,0.452,2.0,6.1,0.321,5.2,9.8,0.533,0.514,1.7,2.2,0.800,1.1,2.6,3.7,2.4,1.5,0.0,1.7,2.2,18.1
No,Michael Beasley,beaslmi01,2017,NBA,28,MIL,PF,56,6,935,8.3,15.6,0.532,0.7,1.7,0.419,7.6,14.0,0.545,0.554,3.0,4.0,0.743,1.5,5.9,7.4,2.0,1.0,1.0,2.5,3.5,20.3
No,Marco Belinelli,belinma01,2017,NBA,30,CHO,SG,74,0,1778,5.3,12.5,0.429,2.1,5.7,0.360,3.3,6.7,0.488,0.512,3.0,3.4,0.893,0.3,3.3,3.6,3.0,0.9,0.2,1.4,1.8,15.8
No,DeAndre' Bembry,bembrde01,2017,NBA,22,ATL,SF,38,1,371,4.6,9.5,0.480,0.1,1.7,0.056,4.5,7.8,0.575,0.485,0.6,1.6,0.375,1.4,4.4,5.7,2.7,0.8,0.5,1.6,2.0,9.8
No,Dragan Bender,bendedr01,2017,NBA,19,PHO,PF,43,0,574,3.6,10.1,0.354,1.8,6.3,0.277,1.8,3.8,0.483,0.441,0.3,0.7,0.364,1.4,5.0,6.5,1.4,0.6,1.4,2.0,4.6,9.2
No,Anthony Bennett,bennean01,2017,NBA,23,BRK,PF,23,1,264,5.2,12.5,0.413,1.8,6.5,0.271,3.4,6.0,0.568,0.484,3.5,4.9,0.722,3.4,7.2,10.6,1.6,0.7,0.4,1.6,2.5,15.7
No,Ben Bentil,bentibe01,2017,NBA,21,DAL,PF,3,0,10,0.0,10.8,0.000,0.0,3.6,0.000,0.0,7.2,0.000,0.000,0.0,0.0,,0.0,7.2,7.2,0.0,0.0,0.0,3.6,3.6,0.0
No,Dāvis Bertāns,bertada01,2017,NBA,24,SAS,PF,67,6,808,4.6,10.4,0.440,3.1,7.7,0.399,1.5,2.7,0.557,0.588,1.2,1.5,0.824,1.0,3.4,4.4,2.0,0.9,1.2,1.4,3.3,13.5
No,Patrick Beverley,beverpa01,2017,NBA,28,HOU,SG,67,67,2058,4.0,9.5,0.420,1.9,5.0,0.382,2.1,4.5,0.463,0.521,1.3,1.7,0.768,1.7,5.2,6.9,4.9,1.7,0.4,1.7,3.9,11.2
No,Bismack Biyombo,biyombi01,2017,NBA,24,ORL,C,81,27,1793,3.6,6.8,0.528,0.0,0.0,,3.6,6.8,0.528,0.528,2.5,4.7,0.534,3.2,8.2,11.4,1.5,0.5,1.8,1.9,4.1,9.7
No,Nemanja Bjelica,bjeline01,2017,NBA,28,MIN,PF,65,1,1190,4.6,10.8,0.424,1.7,5.4,0.316,2.9,5.4,0.531,0.503,1.4,1.8,0.738,1.7,5.7,7.4,2.4,1.2,0.6,1.8,4.7,12.2
No,Tarik Black,blackta01,2017,NBA,25,LAL,C,67,16,1091,4.9,9.7,0.510,0.0,0.1,0.500,4.9,9.6,0.510,0.512,2.7,3.6,0.752,4.8,6.6,11.3,1.3,1.0,1.5,1.9,5.7,12.6
No,Eric Bledsoe,bledser01,2017,NBA,27,PHO,PG,66,66,2176,7.4,17.1,0.434,1.7,5.1,0.335,5.7,12.0,0.477,0.485,6.4,7.6,0.847,0.9,4.4,5.3,6.9,1.5,0.5,3.7,2.7,23.0
No,Bojan Bogdanović,bogdabo02,2017,NBA,27,2TM,SF,81,54,2083,6.5,14.6,0.445,2.5,6.8,0.367,4.0,7.8,0.512,0.530,3.8,4.2,0.893,0.6,4.1,4.8,1.9,0.6,0.1,2.3,2.5,19.2
No,Bojan Bogdanović,bogdabo02,2017,NBA,27,BRK,SF,55,54,1482,6.5,14.8,0.440,2.4,6.7,0.357,4.1,8.1,0.509,0.521,3.5,4.1,0.874,0.6,4.2,4.8,2.2,0.6,0.1,2.3,2.4,19.0
No,Bojan Bogdanović,bogdabo02,2017,NBA,27,WAS,SF,26,0,601,6.4,14.0,0.457,2.7,6.9,0.391,3.7,7.1,0.521,0.553,4.3,4.6,0.934,0.8,4.0,4.8,1.3,0.6,0.2,2.3,2.8,19.8
No,Andrew Bogut,bogutan01,2017,NBA,32,2TM,C,27,21,583,2.3,5.0,0.469,0.0,0.1,0.000,2.3,4.9,0.475,0.469,0.2,0.7,0.273,3.5,10.0,13.5,3.0,0.8,1.5,2.7,5.3,4.9
No,Andrew Bogut,bogutan01,2017,NBA,32,DAL,C,26,21,582,2.4,5.0,0.469,0.0,0.1,0.000,2.4,4.9,0.475,0.469,0.2,0.7,0.273,3.5,10.0,13.5,3.0,0.8,1.5,2.7,5.2,4.9
No,Andrew Bogut,bogutan01,2017,NBA,32,CLE,C,1,0,1,0.0,0.0,,0.0,0.0,,0.0,0.0,,,0.0,0.0,,0.0,0.0,0.0,0.0,0.0,0.0,0.0,72.0,0.0
No,Joel Bolomboy,bolomjo01,2017,NBA,23,UTA,PF,12,0,53,6.1,10.9,0.563,0.7,2.7,0.250,5.4,8.2,0.667,0.594,2.0,4.1,0.500,2.7,8.8,11.5,1.4,0.7,1.4,1.4,0.7,14.9
No,Devin Booker,bookede01,2017,NBA,20,PHO,SG,78,78,2730,8.0,18.9,0.423,1.9,5.3,0.363,6.1,13.5,0.447,0.475,4.8,5.8,0.832,0.6,2.7,3.3,3.5,0.9,0.3,3.2,3.2,22.8
No,Trevor Booker,booketr01,2017,NBA,29,BRK,PF,71,43,1754,6.3,12.1,0.516,0.5,1.6,0.321,5.7,10.5,0.546,0.537,1.5,2.3,0.673,2.9,8.8,11.7,2.8,1.5,0.6,2.6,3.1,14.6
No,Avery Bradley,bradlav01,2017,NBA,26,BOS,SG,55,55,1835,7.0,15.2,0.463,2.1,5.4,0.390,4.9,9.8,0.504,0.533,1.3,1.8,0.731,1.3,5.3,6.6,2.4,1.3,0.2,1.7,2.8,17.5
No,Corey Brewer,breweco01,2017,NBA,30,2TM,SF,82,11,1281,4.1,9.8,0.422,0.8,3.3,0.229,3.4,6.5,0.522,0.461,1.4,1.9,0.735,0.9,3.8,4.7,2.7,1.7,0.6,1.5,3.7,10.4
No,Corey Brewer,breweco01,2017,NBA,30,HOU,SF,58,8,923,3.7,8.9,0.414,0.9,3.7,0.234,2.8,5.2,0.541,0.463,1.2,1.7,0.727,0.8,3.6,4.4,2.4,1.4,0.5,1.4,4.1,9.4
No,Corey Brewer,breweco01,2017,NBA,30,LAL,SF,24,3,358,5.3,12.2,0.438,0.5,2.4,0.208,4.8,9.8,0.495,0.459,1.8,2.4,0.750,1.1,4.1,5.2,3.6,2.4,0.8,1.9,2.9,13.0
No,Malcolm Brogdon,brogdma01,2017,NBA,24,MIL,SG,75,28,1982,5.3,11.5,0.457,1.4,3.5,0.404,3.9,8.0,0.480,0.518,2.0,2.3,0.865,0.9,3.0,3.9,5.8,1.5,0.2,2.1,2.5,13.9
No,Aaron Brooks,brookaa01,2017,NBA,32,IND,PG,65,0,894,4.9,12.1,0.403,1.9,5.2,0.375,2.9,6.9,0.424,0.483,1.3,1.6,0.800,0.7,2.1,2.8,5.0,1.0,0.4,2.7,3.7,13.0
No,Anthony Brown,brownan02,2017,NBA,24,2TM,SF,11,0,159,4.1,11.3,0.360,1.6,6.1,0.259,2.5,5.2,0.478,0.430,0.0,0.0,,1.8,5.7,7.5,1.8,1.1,0.2,1.4,3.4,9.7
No,Anthony Brown,brownan02,2017,NBA,24,NOP,SF,9,0,143,3.5,10.3,0.341,1.5,6.0,0.250,2.0,4.3,0.471,0.415,0.0,0.0,,1.5,5.0,6.5,1.5,1.3,0.3,1.3,3.3,8.6
No,Anthony Brown,brownan02,2017,NBA,24,ORL,SF,2,0,16,9.0,20.3,0.444,2.3,6.8,0.333,6.8,13.5,0.500,0.500,0.0,0.0,,4.5,11.3,15.8,4.5,0.0,0.0,2.3,4.5,20.3
No,Bobby Brown,brownbo02,2017,NBA,32,HOU,PG,25,0,123,6.7,17.6,0.383,4.1,10.2,0.400,2.6,7.3,0.360,0.500,0.6,0.6,1.000,0.0,1.8,1.8,4.1,0.3,0.0,1.5,1.5,18.1
No,Jaylen Brown,brownja02,2017,NBA,20,BOS,SF,78,20,1341,5.2,11.4,0.454,1.2,3.6,0.341,3.9,7.7,0.507,0.508,2.3,3.3,0.685,1.2,4.7,5.9,1.7,0.9,0.5,1.8,3.8,13.8
No,Nicolás Brussino,brussni01,2017,NBA,23,DAL,SG,54,2,521,3.6,9.7,0.369,2.0,6.6,0.305,1.6,3.2,0.500,0.472,1.2,1.5,0.773,1.8,4.8,6.6,3.2,1.2,0.6,1.8,3.0,10.4
No,Reggie Bullock,bullore01,2017,NBA,25,DET,SF,31,5,467,4.2,9.9,0.422,2.2,5.6,0.384,2.0,4.2,0.473,0.531,0.4,0.5,0.714,1.0,3.9,4.9,2.2,1.4,0.2,0.8,1.7,10.9
No,Trey Burke,burketr01,2017,NBA,24,WAS,PG,57,0,703,5.9,13.1,0.455,1.6,3.6,0.443,4.4,9.5,0.459,0.516,1.1,1.5,0.759,0.4,2.0,2.4,5.1,0.6,0.3,2.5,2.8,14.6
No,Alec Burks,burksal01,2017,NBA,25,UTA,SG,42,0,653,5.5,13.7,0.399,1.4,4.2,0.329,4.1,9.5,0.430,0.450,3.3,4.3,0.769,0.9,5.7,6.6,1.7,1.0,0.3,1.9,2.8,15.6
No,Jimmy Butler,butleji01,2017,NBA,27,CHI,SF,76,75,2809,7.3,16.0,0.455,1.2,3.2,0.367,6.1,12.9,0.477,0.492,7.5,8.7,0.865,1.7,4.4,6.0,5.3,1.8,0.4,2.0,1.4,23.3
No,Bruno Caboclo,cabocbr01,2017,NBA,21,TOR,SF,9,0,40,5.4,14.4,0.375,1.8,5.4,0.333,3.6,9.0,0.400,0.438,0.0,0.0,,4.5,4.5,9.0,3.6,1.8,0.9,1.8,3.6,12.6
No,José Calderón,caldejo01,2017,NBA,35,2TM,PG,41,13,539,3.7,8.9,0.410,1.3,4.3,0.313,2.3,4.7,0.500,0.485,0.7,0.8,0.917,1.0,3.9,4.9,5.9,0.7,0.1,2.7,2.4,9.4
No,José Calderón,caldejo01,2017,NBA,35,LAL,PG,24,11,292,3.9,9.5,0.416,1.5,4.2,0.353,2.5,5.3,0.465,0.494,0.5,0.5,1.000,1.0,4.2,5.2,6.3,0.9,0.1,3.2,2.7,9.9
No,José Calderón,caldejo01,2017,NBA,35,ATL,PG,17,2,247,3.4,8.3,0.404,1.2,4.4,0.267,2.2,3.9,0.556,0.474,1.0,1.2,0.875,1.0,3.6,4.7,5.4,0.6,0.0,2.2,2.0,8.9
No,Kentavious Caldwell-Pope,caldwke01,2017,NBA,23,DET,SG,76,75,2529,5.3,13.2,0.399,2.2,6.2,0.350,3.1,7.0,0.442,0.481,2.2,2.6,0.832,0.8,2.7,3.5,2.7,1.3,0.2,1.2,1.7,14.9
No,Isaiah Canaan,canaais01,2017,NBA,25,CHI,SG,39,0,592,3.8,10.5,0.364,1.5,5.7,0.266,2.3,4.8,0.481,0.436,1.8,2.0,0.909,0.4,2.7,3.0,2.3,1.3,0.1,1.3,2.1,11.0
No,Clint Capela,capelca01,2017,NBA,22,HOU,C,65,59,1551,8.4,13.1,0.643,0.0,0.0,,8.4,13.1,0.643,0.643,2.2,4.1,0.531,4.1,8.1,12.2,1.5,0.8,1.8,2.0,4.2,19.0
No,DeMarre Carroll,carrode01,2017,NBA,30,TOR,SF,72,72,1882,4.2,10.5,0.400,2.1,6.1,0.341,2.1,4.4,0.483,0.499,1.7,2.2,0.761,1.2,4.1,5.3,1.4,1.5,0.5,1.0,2.7,12.2
No,Michael Carter-Williams,cartemi01,2017,NBA,25,CHI,PG,45,19,846,4.8,13.0,0.366,0.6,2.7,0.234,4.1,10.3,0.401,0.391,2.5,3.3,0.753,1.0,5.5,6.5,4.8,1.6,1.0,2.8,4.3,12.6
No,Vince Carter,cartevi01,2017,NBA,40,MEM,SF,73,15,1799,3.9,9.8,0.394,2.2,5.9,0.378,1.6,3.9,0.418,0.508,1.8,2.3,0.765,0.7,3.8,4.5,2.7,1.2,0.7,1.0,3.3,11.7
No,Omri Casspi,casspom01,2017,NBA,28,3TM,PF,36,2,643,4.3,9.2,0.470,0.8,2.4,0.349,3.5,6.8,0.512,0.515,1.0,1.6,0.586,1.5,4.8,6.3,2.1,1.3,0.2,1.6,2.8,10.4
No,Omri Casspi,casspom01,2017,NBA,28,SAC,PF,22,2,397,4.8,10.6,0.453,1.0,2.6,0.379,3.8,8.0,0.477,0.500,1.1,1.9,0.571,1.8,6.3,8.2,2.4,0.9,0.1,1.5,2.1,11.7
No,Omri Casspi,casspom01,2017,NBA,28,NOP,PF,1,0,24,7.5,13.5,0.556,3.0,6.0,0.500,4.5,7.5,0.600,0.667,0.0,0.0,,1.5,1.5,3.0,0.0,0.0,0.0,3.0,4.5,18.0
No,Omri Casspi,casspom01,2017,NBA,28,MIN,PF,13,0,222,3.1,6.2,0.500,0.3,1.6,0.200,2.8,4.5,0.607,0.526,0.8,1.3,0.625,1.0,2.3,3.2,1.8,2.1,0.3,1.6,3.9,7.3
No,Willie Cauley-Stein,caulewi01,2017,NBA,23,SAC,C,75,21,1421,6.5,12.2,0.530,0.0,0.1,0.000,6.5,12.1,0.532,0.530,2.6,3.8,0.669,2.2,6.4,8.6,2.0,1.3,1.1,1.7,3.7,15.5
No,Tyson Chandler,chandty01,2017,NBA,34,PHO,C,47,46,1298,4.2,6.3,0.671,0.0,0.0,,4.2,6.3,0.671,0.671,2.5,3.4,0.734,4.2,10.7,14.9,0.8,0.9,0.7,1.8,3.5,11.0
No,Wilson Chandler,chandwi01,2017,NBA,29,DEN,SF,71,33,2197,7.1,15.4,0.461,1.8,5.3,0.337,5.3,10.0,0.527,0.520,2.3,3.2,0.727,1.7,5.8,7.5,2.3,0.8,0.5,1.9,2.8,18.3
No,Marquese Chriss,chrisma01,2017,NBA,19,PHO,PF,82,75,1743,5.9,13.1,0.449,1.5,4.6,0.321,4.4,8.4,0.520,0.506,2.3,3.7,0.624,2.0,5.2,7.2,1.2,1.4,1.4,2.2,5.4,15.6
No,Rakeem Christmas,chrisra01,2017,NBA,25,IND,PF,29,0,219,3.1,7.1,0.442,0.0,0.0,,3.1,7.1,0.442,0.442,3.5,4.8,0.724,4.3,4.9,9.2,0.7,0.5,1.0,1.3,6.1,9.7
No,Semaj Christon,chrisse01,2017,NBA,24,OKC,PG,64,1,973,2.8,8.3,0.345,0.4,2.3,0.190,2.4,5.9,0.406,0.372,0.6,1.1,0.548,0.7,2.5,3.2,4.8,1.0,0.3,1.6,2.9,6.8
No,Ian Clark,clarkia01,2017,NBA,25,GSW,SG,77,0,1137,6.7,13.7,0.487,1.9,5.2,0.374,4.7,8.5,0.556,0.558,1.4,1.8,0.759,0.7,3.1,3.8,2.8,1.2,0.3,1.7,2.4,16.7
No,Jordan Clarkson,clarkjo01,2017,NBA,24,LAL,SG,82,19,2397,7.2,16.1,0.445,1.8,5.3,0.329,5.4,10.7,0.503,0.500,2.0,2.5,0.798,0.7,3.0,3.7,3.2,1.3,0.1,2.5,2.3,18.1
No,Norris Cole,coleno01,2017,NBA,28,OKC,PG,13,0,125,4.6,15.0,0.308,0.9,3.7,0.231,3.7,11.2,0.333,0.337,2.3,2.9,0.800,0.0,3.2,3.2,4.0,2.3,0.0,2.0,5.2,12.4
No,Darren Collison,collida01,2017,NBA,29,SAC,PG,68,64,2063,5.9,12.5,0.476,1.3,3.1,0.417,4.7,9.4,0.495,0.527,2.6,3.0,0.860,0.4,2.3,2.7,5.4,1.2,0.2,2.0,2.1,15.7
No,Nick Collison,collini01,2017,NBA,36,OKC,PF,20,0,128,3.9,6.5,0.609,0.0,0.3,0.000,3.9,6.2,0.636,0.609,1.4,2.3,0.625,2.5,6.2,8.7,3.4,0.6,0.6,1.1,4.8,9.3
No,Mike Conley,conlemi01,2017,NBA,29,MEM,PG,69,68,2292,7.3,15.8,0.460,2.7,6.6,0.408,4.6,9.3,0.497,0.545,5.0,5.8,0.859,0.5,3.3,3.8,6.8,1.4,0.3,2.5,2.0,22.2
No,Pat Connaughton,connapa01,2017,NBA,24,POR,SG,39,1,316,4.2,8.2,0.514,1.9,3.8,0.515,2.3,4.4,0.513,0.632,0.8,1.0,0.778,1.1,4.8,5.9,3.2,0.7,0.2,1.9,2.6,11.2
No,Quinn Cook,cookqu01,2017,NBA,23,2TM,PG,14,0,188,6.3,12.6,0.500,2.1,5.0,0.423,4.2,7.7,0.550,0.583,0.4,1.0,0.400,0.2,1.1,1.3,5.0,0.8,0.0,2.5,2.5,15.1
No,Quinn Cook,cookqu01,2017,NBA,23,DAL,PG,5,0,77,5.1,11.7,0.440,2.3,6.5,0.357,2.8,5.1,0.545,0.540,0.0,0.9,0.000,0.0,1.4,1.4,5.6,0.5,0.0,3.7,2.8,12.6
No,Quinn Cook,cookqu01,2017,NBA,23,NOP,PG,9,0,111,7.1,13.3,0.537,1.9,3.9,0.500,5.2,9.4,0.552,0.610,0.6,1.0,0.667,0.3,1.0,1.3,4.5,1.0,0.0,1.6,2.3,16.9
No,DeMarcus Cousins,couside01,2017,NBA,26,2TM,C,72,72,2465,9.4,20.9,0.452,1.9,5.3,0.361,7.5,15.6,0.483,0.498,7.6,9.8,0.772,2.2,9.4,11.6,4.8,1.5,1.4,3.9,4.1,28.4
No,DeMarcus Cousins,couside01,2017,NBA,26,SAC,C,55,55,1891,9.6,21.3,0.452,1.8,5.1,0.356,7.8,16.2,0.482,0.494,8.1,10.5,0.770,2.2,8.9,11.1,5.1,1.4,1.4,3.9,3.9,29.1
No,DeMarcus Cousins,couside01,2017,NBA,26,NOP,C,17,17,574,8.9,19.7,0.452,2.3,6.0,0.375,6.6,13.7,0.486,0.510,5.9,7.6,0.777,2.3,10.9,13.2,4.1,1.6,1.2,3.9,4.7,26.0
No,Robert Covington,covinro01,2017,NBA,26,PHI,SF,67,67,2119,5.0,12.4,0.399,2.3,7.0,0.333,2.6,5.4,0.484,0.492,2.4,3.0,0.822,1.6,5.8,7.4,1.7,2.2,1.2,2.2,3.4,14.7
No,Allen Crabbe,crabbal01,2017,NBA,24,POR,SG,79,7,2254,4.8,10.3,0.468,2.1,4.8,0.444,2.7,5.5,0.490,0.572,1.7,2.0,0.847,0.3,3.3,3.6,1.5,0.9,0.3,1.0,2.7,13.5
No,Jamal Crawford,crawfja01,2017,NBA,36,LAC,SG,82,1,2157,6.0,14.5,0.413,1.9,5.4,0.360,4.1,9.1,0.443,0.479,2.9,3.4,0.857,0.3,1.9,2.2,3.6,1.0,0.2,2.2,1.9,16.8
No,Jordan Crawford,crawfjo02,2017,NBA,28,NOP,SG,19,0,442,8.6,17.8,0.482,3.0,7.7,0.389,5.5,10.0,0.553,0.567,1.6,2.1,0.769,0.3,2.4,2.8,4.6,0.9,0.2,2.0,2.4,21.7
No,Jae Crowder,crowdja01,2017,NBA,26,BOS,SF,72,72,2335,5.1,11.1,0.463,2.4,6.1,0.398,2.7,5.0,0.540,0.572,2.7,3.3,0.811,0.7,5.7,6.4,2.4,1.1,0.4,1.2,2.5,15.4
No,Dante Cunningham,cunnida01,2017,NBA,29,NOP,PF,66,35,1649,3.8,7.8,0.485,1.6,4.0,0.392,2.2,3.9,0.579,0.584,0.3,0.6,0.593,1.2,4.8,6.0,0.8,0.9,0.6,0.6,2.2,9.5
No,Seth Curry,curryse01,2017,NBA,26,DAL,PG,70,42,2029,6.0,12.5,0.481,2.4,5.7,0.425,3.6,6.8,0.528,0.578,1.5,1.8,0.850,0.4,2.7,3.2,3.4,1.4,0.1,1.6,2.2,15.9
No,Stephen Curry,curryst01,2017,NBA,28,GSW,PG,79,79,2638,9.2,19.7,0.468,4.4,10.8,0.411,4.8,8.9,0.537,0.580,4.4,4.9,0.898,0.8,4.0,4.8,7.2,1.9,0.2,3.3,2.5,27.3
No,Troy Daniels,danietr01,2017,NBA,25,MEM,SG,67,3,1183,5.6,15.1,0.374,4.2,10.8,0.389,1.4,4.3,0.336,0.513,1.3,1.6,0.796,0.7,2.4,3.0,1.4,0.6,0.1,1.4,2.7,16.8
No,Anthony Davis,davisan02,2017,NBA,23,NOP,C,75,75,2708,10.2,20.3,0.505,0.5,1.8,0.299,9.7,18.5,0.524,0.518,6.9,8.6,0.802,2.3,9.5,11.8,2.1,1.2,2.2,2.4,2.2,27.9
No,Deyonta Davis,davisde01,2017,NBA,20,MEM,C,36,0,238,3.6,7.1,0.511,0.0,0.0,,3.6,7.1,0.511,0.511,1.5,2.7,0.556,3.0,6.1,9.1,0.3,0.5,2.6,1.2,6.1,8.8
No,Ed Davis,davised01,2017,NBA,27,POR,PF,46,12,789,3.4,6.5,0.528,0.0,0.0,,3.4,6.5,0.528,0.528,2.3,3.7,0.617,4.4,6.8,11.1,1.2,0.7,1.0,1.7,6.3,9.1
No,Dewayne Dedmon,dedmode01,2017,NBA,27,SAS,C,76,37,1330,4.4,7.0,0.622,0.0,0.0,,4.4,7.0,0.622,0.622,1.8,2.5,0.699,3.5,9.9,13.4,1.2,1.0,1.7,1.7,4.9,10.5
No,Sam Dekker,dekkesa01,2017,NBA,22,HOU,PF,77,2,1419,5.2,10.9,0.473,1.5,4.7,0.321,3.6,6.1,0.591,0.543,1.0,1.7,0.559,2.4,4.8,7.2,1.9,1.0,0.5,1.0,2.1,12.8
No,Malcolm Delaney,delanma01,2017,NBA,27,ATL,PG,73,2,1248,4.2,11.2,0.374,0.7,3.2,0.236,3.4,8.0,0.428,0.407,2.2,2.7,0.806,0.3,3.3,3.5,5.6,1.1,0.0,2.7,3.2,11.3
No,Matthew Dellavedova,dellama01,2017,NBA,26,MIL,PG,76,54,1986,3.8,9.7,0.390,1.4,3.9,0.367,2.3,5.8,0.404,0.463,1.5,1.7,0.854,0.4,2.2,2.7,6.5,1.0,0.0,2.4,2.8,10.5
No,Luol Deng,denglu01,2017,NBA,31,LAL,SF,56,49,1486,4.0,10.3,0.387,1.2,4.0,0.309,2.7,6.3,0.436,0.447,1.1,1.5,0.730,1.5,5.6,7.1,1.8,1.2,0.5,1.0,1.5,10.3
No,DeMar DeRozan,derozde01,2017,NBA,27,TOR,SG,74,74,2620,9.9,21.2,0.467,0.5,1.7,0.266,9.5,19.5,0.484,0.477,7.5,8.9,0.842,1.0,4.3,5.3,4.0,1.1,0.2,2.5,1.8,27.8
No,Cheick Diallo,diallch01,2017,NBA,20,NOP,PF,17,0,199,6.5,13.7,0.474,0.0,0.0,,6.5,13.7,0.474,0.474,2.7,3.8,0.714,4.2,9.0,13.2,0.7,0.7,1.3,1.3,3.1,15.7
No,Boris Diaw,diawbo01,2017,NBA,34,UTA,PF,73,33,1283,4.1,9.2,0.446,0.6,2.3,0.247,3.5,6.9,0.512,0.477,0.7,1.0,0.743,1.3,3.1,4.4,4.8,0.5,0.3,2.4,2.3,9.5
No,Gorgui Dieng,dienggo01,2017,NBA,27,MIN,PF,82,82,2653,4.5,9.0,0.502,0.2,0.6,0.372,4.3,8.4,0.511,0.514,1.8,2.3,0.814,2.6,6.2,8.8,2.1,1.2,1.3,1.5,3.4,11.1
No,Spencer Dinwiddie,dinwisp01,2017,NBA,23,BRK,PG,59,18,1334,3.6,8.1,0.444,1.0,2.7,0.376,2.6,5.4,0.478,0.507,3.4,4.3,0.792,0.7,3.7,4.4,5.0,1.2,0.6,1.8,3.2,11.7
No,Toney Douglas,douglto01,2017,NBA,30,MEM,PG,24,0,394,3.9,10.7,0.368,0.6,3.8,0.167,3.3,6.9,0.480,0.397,2.2,2.6,0.828,1.2,4.4,5.6,5.1,1.6,0.5,1.9,4.6,10.7
No,Goran Dragić,dragigo01,2017,NBA,30,MIA,PG,73,73,2459,7.8,16.5,0.475,1.7,4.2,0.405,6.1,12.2,0.499,0.527,4.4,5.5,0.790,0.9,3.2,4.1,6.2,1.3,0.2,3.1,2.9,21.7
No,Andre Drummond,drumman01,2017,NBA,23,DET,C,81,81,2409,7.2,13.6,0.530,0.0,0.1,0.286,7.2,13.5,0.532,0.531,2.0,5.3,0.386,5.2,11.5,16.7,1.3,1.9,1.3,2.3,3.5,16.5
No,Jared Dudley,dudleja01,2017,NBA,31,PHO,PF,64,7,1362,4.1,9.1,0.454,2.0,5.4,0.379,2.1,3.8,0.559,0.565,1.1,1.7,0.662,0.8,5.1,5.9,3.2,1.1,0.4,1.9,4.1,11.5
No,Mike Dunleavy,dunlemi02,2017,NBA,36,2TM,SF,53,2,841,4.0,9.4,0.423,2.3,5.7,0.396,1.7,3.7,0.465,0.543,1.5,1.9,0.800,0.8,4.2,4.9,2.1,0.6,0.3,1.2,2.9,11.8
No,Mike Dunleavy,dunlemi02,2017,NBA,36,CLE,SF,23,2,366,3.5,8.9,0.400,2.0,5.6,0.351,1.6,3.2,0.485,0.511,1.4,1.9,0.737,0.5,4.1,4.6,2.0,0.6,0.2,1.4,3.1,10.4
No,Mike Dunleavy,dunlemi02,2017,NBA,36,ATL,SF,30,0,475,4.3,9.9,0.438,2.5,5.8,0.429,1.8,4.0,0.453,0.565,1.7,2.0,0.846,1.0,4.2,5.2,2.3,0.7,0.4,1.1,2.7,12.8
No,Kris Dunn,dunnkr01,2017,NBA,22,MIN,PG,78,7,1333,3.2,8.5,0.377,0.6,2.0,0.288,2.6,6.5,0.404,0.411,1.0,1.6,0.610,0.6,3.8,4.5,5.1,2.1,1.0,2.4,4.8,7.9
No,Kevin Durant,duranke01,2017,NBA,28,GSW,PF,62,62,2070,9.6,17.8,0.537,2.0,5.4,0.375,7.5,12.4,0.608,0.594,5.8,6.7,0.875,0.7,8.2,8.9,5.2,1.1,1.7,2.4,2.0,27.0
No,Jarell Eddie,eddieja01,2017,NBA,25,PHO,SF,5,0,62,3.5,11.0,0.316,2.3,9.3,0.250,1.2,1.7,0.667,0.421,4.6,5.2,0.889,0.6,3.5,4.1,0.0,0.6,0.0,0.6,0.6,13.9
No,Henry Ellenson,ellenhe01,2017,NBA,20,DET,PF,19,2,146,5.7,15.8,0.359,2.5,8.6,0.286,3.2,7.2,0.448,0.438,1.0,2.0,0.500,2.0,8.1,10.1,1.7,0.2,0.2,3.5,1.5,14.8
No,Wayne Ellington,ellinwa01,2017,NBA,29,MIA,SG,62,13,1500,5.5,13.3,0.416,3.6,9.5,0.378,2.0,3.9,0.509,0.550,0.9,1.0,0.860,0.4,2.7,3.2,1.7,0.8,0.1,0.7,1.7,15.6
No,Monta Ellis,ellismo01,2017,NBA,31,IND,SG,74,33,1998,4.5,10.0,0.443,0.8,2.4,0.319,3.7,7.6,0.483,0.482,1.7,2.3,0.727,0.3,3.3,3.7,4.3,1.4,0.5,2.4,2.7,11.4
No,Joel Embiid,embiijo01,2017,NBA,22,PHI,C,31,31,786,9.2,19.6,0.466,1.6,4.5,0.367,7.5,15.2,0.495,0.508,8.7,11.2,0.783,2.8,8.3,11.1,3.0,1.2,3.5,5.4,5.1,28.7
No,James Ennis III,ennisja01,2017,NBA,26,MEM,SF,64,28,1501,3.5,7.7,0.455,1.2,3.3,0.372,2.3,4.4,0.516,0.534,2.1,2.6,0.782,1.7,4.6,6.2,1.5,1.1,0.5,1.4,4.0,10.3
No,Tyler Ennis,ennisty01,2017,NBA,22,2TM,PG,53,2,588,5.5,12.7,0.433,1.7,4.3,0.386,3.9,8.4,0.457,0.498,1.3,1.5,0.840,0.6,2.2,2.8,5.3,1.5,0.1,2.8,3.6,14.0
No,Tyler Ennis,ennisty01,2017,NBA,22,HOU,PG,31,0,196,4.6,11.8,0.391,1.1,2.9,0.375,3.5,8.8,0.396,0.438,0.4,0.6,0.667,0.7,2.8,3.5,6.2,1.1,0.0,4.4,5.3,10.7
No,Tyler Ennis,ennisty01,2017,NBA,22,LAL,PG,22,2,392,6.0,13.2,0.451,1.9,5.0,0.389,4.0,8.3,0.489,0.524,1.7,2.0,0.864,0.5,1.9,2.4,4.8,1.7,0.2,1.9,2.7,15.6
No,Tyreke Evans,evansty01,2017,NBA,27,2TM,SF,40,6,788,6.9,16.9,0.405,1.9,5.4,0.356,4.9,11.5,0.429,0.462,3.2,4.2,0.750,0.6,5.7,6.3,5.7,1.6,0.4,2.8,2.7,18.8
No,Tyreke Evans,evansty01,2017,NBA,27,NOP,SF,26,0,474,6.9,17.2,0.401,1.6,5.3,0.300,5.3,11.9,0.446,0.447,3.4,4.4,0.776,0.5,6.1,6.5,6.9,1.7,0.3,3.0,3.1,18.8
No,Tyreke Evans,evansty01,2017,NBA,27,SAC,SF,14,6,314,6.8,16.4,0.413,2.4,5.5,0.438,4.4,10.9,0.400,0.486,2.8,3.9,0.706,0.8,5.0,5.8,3.8,1.4,0.6,2.5,2.2,18.7
No,Dante Exum,exumda01,2017,NBA,21,UTA,PG,66,26,1228,4.5,10.6,0.427,1.3,4.4,0.295,3.3,6.3,0.519,0.488,1.7,2.1,0.795,0.9,3.0,3.9,3.3,0.6,0.4,2.3,4.3,12.1
No,Kenneth Faried,farieke01,2017,NBA,27,DEN,PF,61,34,1296,6.3,11.6,0.548,0.0,0.2,0.000,6.3,11.4,0.556,0.548,3.6,5.2,0.693,5.1,7.8,12.8,1.5,1.2,1.1,1.6,3.4,16.3
No,Jordan Farmar,farmajo01,2017,NBA,30,SAC,PG,2,0,35,4.1,12.3,0.333,4.1,9.3,0.444,0.0,3.1,0.000,0.500,0.0,0.0,,1.0,2.1,3.1,9.3,2.1,0.0,3.1,1.0,12.3
No,Derrick Favors,favorde01,2017,NBA,25,UTA,PF,50,39,1186,6.2,12.7,0.487,0.1,0.3,0.300,6.1,12.4,0.491,0.490,2.0,3.3,0.615,2.8,6.5,9.3,1.7,1.4,1.2,1.8,3.1,14.4
No,Kay Felder,feldeka01,2017,NBA,21,CLE,PG,42,0,386,5.8,14.7,0.392,0.7,2.1,0.318,5.1,12.7,0.404,0.415,3.3,4.6,0.714,0.3,3.5,3.8,5.4,1.7,0.7,2.8,3.5,15.5
No,Cristiano Felício,feliccr01,2017,NBA,24,CHI,C,66,0,1040,4.4,7.7,0.579,0.0,0.0,,4.4,7.7,0.579,0.579,2.1,3.2,0.645,4.3,6.5,10.8,1.4,0.9,0.6,1.1,3.8,10.9
No,Raymond Felton,feltora01,2017,NBA,32,LAC,PG,80,11,1700,4.7,10.9,0.430,1.0,3.0,0.319,3.7,7.8,0.473,0.475,1.1,1.4,0.781,0.7,3.9,4.6,4.0,1.4,0.5,1.8,2.6,11.4
No,Yogi Ferrell,ferreyo01,2017,NBA,23,2TM,PG,46,29,1197,4.8,11.8,0.406,2.0,5.3,0.386,2.8,6.6,0.422,0.492,2.2,2.7,0.831,0.6,2.7,3.3,5.2,1.3,0.3,2.1,2.7,13.9
No,Yogi Ferrell,ferreyo01,2017,NBA,23,BRK,PG,10,0,151,4.3,11.7,0.367,1.9,6.4,0.296,2.4,5.2,0.455,0.449,2.4,3.8,0.625,1.0,1.9,2.9,4.1,0.5,0.5,3.3,2.6,12.9
No,Yogi Ferrell,ferreyo01,2017,NBA,23,DAL,PG,36,29,1046,4.9,11.9,0.412,2.1,5.1,0.403,2.8,6.7,0.418,0.499,2.2,2.5,0.877,0.6,2.9,3.4,5.3,1.4,0.2,1.9,2.7,14.0
No,Dorian Finney-Smith,finnedo01,2017,NBA,23,DAL,PF,81,35,1642,2.7,7.3,0.372,1.2,4.2,0.293,1.5,3.1,0.479,0.456,1.0,1.3,0.754,1.2,3.7,4.9,1.5,1.1,0.5,1.0,2.7,7.7
No,Bryn Forbes,forbebr01,2017,NBA,23,SAS,SG,36,0,285,4.5,12.5,0.364,2.1,6.7,0.321,2.4,5.8,0.413,0.449,0.6,0.8,0.833,0.3,2.7,2.9,2.9,0.1,0.0,1.4,2.5,11.9
No,Evan Fournier,fournev01,2017,NBA,24,ORL,SG,68,66,2234,6.6,15.0,0.439,2.1,5.8,0.356,4.5,9.2,0.491,0.508,3.6,4.5,0.805,0.7,2.7,3.4,3.3,1.1,0.1,2.3,2.9,18.8
No,Randy Foye,foyera01,2017,NBA,33,BRK,SG,69,40,1284,3.3,9.1,0.363,1.9,5.7,0.330,1.4,3.4,0.418,0.466,1.5,1.8,0.857,0.3,4.1,4.3,3.8,1.0,0.3,2.2,2.8,10.0
No,Tim Frazier,fraziti01,2017,NBA,26,NOP,PG,65,35,1525,3.8,9.5,0.403,0.9,3.0,0.313,2.9,6.5,0.446,0.453,2.3,3.0,0.760,0.8,3.3,4.1,7.9,1.3,0.1,2.4,3.1,11.0
No,Channing Frye,fryech01,2017,NBA,33,CLE,C,74,15,1398,6.1,13.4,0.458,3.5,8.6,0.409,2.6,4.8,0.546,0.589,1.6,1.9,0.851,1.0,6.5,7.5,1.2,0.8,1.0,1.4,3.6,17.4
No,Danilo Gallinari,gallida01,2017,NBA,28,DEN,SF,63,63,2134,5.7,12.7,0.447,2.1,5.5,0.389,3.5,7.2,0.491,0.531,5.9,6.5,0.902,0.7,4.8,5.5,2.3,0.7,0.3,1.4,1.6,19.3
No,Langston Galloway,gallola01,2017,NBA,25,2TM,PG,74,2,1495,5.0,13.1,0.380,2.9,7.4,0.390,2.1,5.7,0.367,0.490,1.2,1.5,0.797,0.7,3.1,3.8,2.2,1.1,0.1,1.1,2.3,14.1
No,Langston Galloway,gallola01,2017,NBA,25,NOP,PG,55,0,1120,5.3,14.2,0.374,3.2,8.6,0.377,2.1,5.6,0.370,0.489,1.3,1.7,0.769,0.6,3.2,3.9,2.1,1.3,0.2,0.9,2.4,15.1
No,Langston Galloway,gallola01,2017,NBA,25,SAC,PG,19,2,375,4.0,10.0,0.404,1.8,3.8,0.475,2.2,6.1,0.359,0.495,1.1,1.2,0.917,0.7,2.7,3.4,2.7,0.6,0.1,1.7,1.9,10.9
No,Patricio Garino,garinpa01,2017,NBA,23,ORL,SG,5,0,43,0.0,5.9,0.000,0.0,4.2,0.000,0.0,1.7,0.000,0.000,0.0,0.0,,0.8,5.0,5.9,0.0,0.0,0.0,2.5,3.3,0.0
No,Marc Gasol,gasolma01,2017,NBA,32,MEM,C,74,74,2531,7.6,16.5,0.459,1.5,3.8,0.388,6.1,12.7,0.480,0.503,4.0,4.7,0.837,0.9,5.7,6.6,4.8,1.0,1.4,2.4,2.4,20.6
No,Pau Gasol,gasolpa01,2017,NBA,36,SAS,C,64,39,1627,6.7,13.4,0.502,1.2,2.3,0.538,5.5,11.1,0.494,0.548,2.9,4.1,0.707,2.4,8.7,11.1,3.3,0.5,1.5,1.8,2.4,17.5
No,Rudy Gay,gayru01,2017,NBA,30,SAC,SF,30,30,1013,7.1,15.7,0.455,1.5,4.0,0.372,5.7,11.7,0.483,0.502,4.2,4.9,0.855,1.2,5.5,6.8,2.9,1.6,0.9,2.6,2.8,20.0
No,Michael Gbinije,gbinimi01,2017,NBA,24,DET,SG,9,0,32,1.1,11.3,0.100,0.0,4.5,0.000,1.1,6.8,0.167,0.100,2.3,2.3,1.000,2.3,1.1,3.4,2.3,0.0,0.0,0.0,2.3,4.5
No,Alonzo Gee,geeal01,2017,NBA,29,DEN,SF,13,0,89,1.2,5.7,0.214,0.0,1.2,0.000,1.2,4.4,0.273,0.214,2.0,3.6,0.556,1.6,4.4,6.1,2.4,2.0,0.4,1.6,5.7,4.4
No,Marcus Georges-Hunt,georgma01,2017,NBA,22,ORL,SG,5,0,48,1.5,5.2,0.286,0.7,1.5,0.500,0.7,3.8,0.200,0.357,6.8,7.5,0.900,0.7,6.0,6.8,2.3,0.7,0.0,1.5,3.7,10.5
No,Paul George,georgpa01,2017,NBA,26,IND,SF,75,75,2689,8.3,18.0,0.461,2.6,6.6,0.393,5.7,11.4,0.501,0.534,4.5,5.0,0.898,0.8,5.8,6.6,3.4,1.6,0.4,2.9,2.8,23.8
No,Jonathan Gibson,gibsojo01,2017,NBA,29,DAL,PG,17,0,231,5.5,14.8,0.368,2.3,7.0,0.333,3.1,7.8,0.400,0.447,3.3,4.5,0.724,0.2,3.3,3.4,4.1,1.2,0.0,3.3,3.3,16.5
No,Taj Gibson,gibsota01,2017,NBA,31,2TM,PF,78,71,1989,6.6,12.8,0.515,0.1,0.2,0.231,6.6,12.6,0.520,0.517,2.0,2.9,0.715,2.9,5.9,8.8,1.3,0.7,1.2,1.9,3.0,15.3
No,Taj Gibson,gibsota01,2017,NBA,31,CHI,PF,55,55,1502,6.6,12.7,0.521,0.0,0.3,0.167,6.6,12.4,0.529,0.523,2.0,2.9,0.714,2.9,6.3,9.2,1.4,0.6,1.2,1.8,2.9,15.3
No,Taj Gibson,gibsota01,2017,NBA,31,OKC,PF,23,16,487,6.6,13.2,0.497,0.1,0.1,1.000,6.5,13.2,0.494,0.500,2.1,2.9,0.718,2.8,4.8,7.6,1.0,1.0,1.1,2.1,3.0,15.3
No,Manu Ginóbili,ginobma01,2017,NBA,39,SAS,SG,69,0,1291,4.8,12.2,0.390,2.5,6.3,0.392,2.3,5.9,0.387,0.491,2.4,3.0,0.804,0.8,3.6,4.4,5.1,2.3,0.4,2.7,3.3,14.4
No,Rudy Gobert,goberru01,2017,NBA,24,UTA,C,81,81,2744,5.4,8.2,0.661,0.0,0.0,0.000,5.4,8.2,0.662,0.661,4.1,6.2,0.653,4.1,9.5,13.6,1.3,0.6,2.8,1.9,3.2,14.9
No,Archie Goodwin,goodwar01,2017,NBA,22,2TM,SG,15,0,214,6.1,11.1,0.545,0.8,2.5,0.333,5.2,8.6,0.608,0.583,5.6,7.1,0.786,1.2,3.5,4.7,4.0,0.7,0.8,2.4,1.3,18.5
No,Archie Goodwin,goodwar01,2017,NBA,22,NOP,SG,3,0,30,2.4,6.0,0.400,1.2,2.4,0.500,1.2,3.6,0.333,0.500,12.0,12.0,1.000,0.0,0.0,0.0,1.2,0.0,1.2,0.0,1.2,18.0
No,Archie Goodwin,goodwar01,2017,NBA,22,BRK,SG,12,0,184,6.7,11.9,0.557,0.8,2.5,0.308,5.9,9.4,0.625,0.590,4.5,6.3,0.719,1.4,4.1,5.5,4.5,0.8,0.8,2.7,1.4,18.6
No,Aaron Gordon,gordoaa01,2017,NBA,21,ORL,SF,80,72,2298,6.2,13.6,0.454,1.2,4.2,0.288,5.0,9.4,0.528,0.499,2.4,3.4,0.719,1.8,4.5,6.3,2.3,1.0,0.6,1.4,2.7,16.0
No,Eric Gordon,gordoer01,2017,NBA,28,HOU,SG,75,15,2323,6.4,15.7,0.406,3.8,10.2,0.372,2.6,5.5,0.468,0.527,2.3,2.7,0.840,0.4,2.7,3.1,2.9,0.7,0.6,1.9,2.3,18.9
No,Marcin Gortat,gortama01,2017,NBA,32,WAS,C,82,82,2556,5.5,9.5,0.579,0.0,0.0,0.000,5.5,9.5,0.580,0.579,1.5,2.2,0.648,3.4,8.6,12.0,1.7,0.6,0.9,1.7,3.0,12.4
No,Treveon Graham,grahatr01,2017,NBA,23,CHO,SG,27,1,189,3.6,7.6,0.475,1.7,2.9,0.600,1.9,4.8,0.400,0.588,1.9,2.9,0.667,1.0,3.2,4.2,1.1,1.1,0.2,0.6,3.4,10.9
No,Jerami Grant,grantje01,2017,NBA,22,2TM,PF,80,4,1531,3.6,7.7,0.463,1.0,2.7,0.371,2.6,5.0,0.514,0.529,2.1,3.5,0.612,0.9,3.9,4.8,1.1,0.8,1.9,1.0,3.5,10.3
No,Jerami Grant,grantje01,2017,NBA,22,PHI,PF,2,0,41,5.3,14.9,0.353,0.0,1.8,0.000,5.3,13.2,0.400,0.353,3.5,7.0,0.500,0.0,5.3,5.3,0.0,0.0,3.5,2.6,4.4,14.0
No,Jerami Grant,grantje01,2017,NBA,22,OKC,PF,78,4,1490,3.5,7.5,0.469,1.0,2.8,0.377,2.5,4.8,0.523,0.539,2.1,3.4,0.619,0.9,3.9,4.8,1.1,0.8,1.8,1.0,3.5,10.2
No,Jerian Grant,grantje02,2017,NBA,24,CHI,PG,63,28,1028,4.5,10.5,0.425,1.7,4.7,0.366,2.8,5.8,0.473,0.507,2.3,2.6,0.890,0.6,3.3,3.9,4.2,1.6,0.3,1.5,3.3,13.0
No,Danny Green,greenda02,2017,NBA,29,SAS,SG,68,68,1807,3.5,8.9,0.392,2.4,6.2,0.379,1.2,2.7,0.420,0.523,0.5,0.6,0.844,0.6,3.8,4.5,2.5,1.4,1.1,1.5,2.4,9.9
No,Draymond Green,greendr01,2017,NBA,26,GSW,PF,76,76,2471,4.0,9.5,0.418,1.2,3.8,0.308,2.8,5.6,0.494,0.481,2.2,3.1,0.709,1.4,7.3,8.7,7.8,2.2,1.5,2.7,3.2,11.3
No,Gerald Green,greenge01,2017,NBA,31,BOS,SF,47,0,538,6.4,15.5,0.409,2.6,7.4,0.351,3.7,8.1,0.463,0.494,2.2,2.7,0.805,1.1,4.6,5.6,2.2,0.6,0.5,1.7,3.2,17.5
No,JaMychal Green,greenja01,2017,NBA,26,MEM,PF,77,75,2101,4.3,8.6,0.500,0.9,2.5,0.379,3.3,6.1,0.549,0.555,2.3,2.9,0.802,2.9,6.5,9.3,1.4,0.8,0.6,1.6,4.2,11.8
No,Jeff Green,greenje02,2017,NBA,30,ORL,PF,69,11,1534,5.2,13.1,0.394,1.2,4.5,0.275,3.9,8.6,0.458,0.442,3.4,3.9,0.863,0.9,4.1,5.0,1.9,0.9,0.3,1.8,2.4,15.0
No,Blake Griffin,griffbl01,2017,NBA,27,LAC,PF,61,61,2076,8.3,16.8,0.493,0.7,2.0,0.336,7.6,14.9,0.514,0.513,5.5,7.3,0.760,1.9,6.7,8.6,5.2,1.0,0.4,2.5,2.7,22.8
No,Justin Hamilton,hamilju01,2017,NBA,26,BRK,C,64,7,1177,5.3,11.6,0.459,1.7,5.5,0.306,3.6,6.1,0.598,0.532,1.2,1.6,0.750,2.2,5.8,8.0,1.7,0.9,1.3,1.3,2.8,13.5
No,A.J. Hammons,hammoaj01,2017,NBA,24,DAL,C,22,0,163,3.8,9.3,0.405,1.1,2.2,0.500,2.7,7.1,0.375,0.464,2.0,4.4,0.450,1.8,6.2,8.0,0.9,0.2,2.9,2.2,4.6,10.6
No,Tim Hardaway Jr.,hardati02,2017,NBA,24,ATL,SG,79,30,2154,6.9,15.2,0.455,2.5,7.0,0.357,4.4,8.3,0.537,0.537,2.7,3.6,0.766,0.6,3.2,3.7,3.0,0.9,0.3,1.8,1.7,19.1
No,James Harden,hardeja01,2017,NBA,27,HOU,PG,81,81,2947,8.2,18.7,0.440,3.2,9.2,0.347,5.0,9.5,0.530,0.525,9.1,10.8,0.847,1.2,6.9,8.1,11.1,1.5,0.5,5.7,2.6,28.8
No,Maurice Harkless,harklma01,2017,NBA,23,POR,SF,77,69,2223,5.1,10.1,0.503,1.1,3.1,0.351,4.0,7.0,0.572,0.558,1.2,2.0,0.621,2.0,3.5,5.5,1.4,1.4,1.1,1.4,3.5,12.5
No,Justin Harper,harpeju01,2017,NBA,27,PHI,PF,3,0,31,5.8,13.9,0.417,2.3,8.1,0.286,3.5,5.8,0.600,0.500,0.0,0.0,,2.3,3.5,5.8,2.3,0.0,0.0,4.6,2.3,13.9
No,Montrezl Harrell,harremo01,2017,NBA,23,HOU,C,58,14,1064,7.6,11.7,0.652,0.0,0.2,0.143,7.6,11.4,0.663,0.654,2.6,4.1,0.628,2.7,4.7,7.4,2.2,0.7,1.4,1.5,4.3,17.8
No,Aaron Harrison,harriaa01,2017,NBA,22,CHO,SG,5,0,17,0.0,8.5,0.000,0.0,4.2,0.000,0.0,4.2,0.000,0.000,2.1,4.2,0.500,0.0,6.4,6.4,6.4,0.0,0.0,0.0,4.2,2.1
No,Andrew Harrison,harrian01,2017,NBA,22,MEM,PG,72,18,1474,2.9,8.8,0.325,1.1,3.8,0.276,1.8,5.0,0.363,0.385,3.6,4.7,0.763,0.6,2.8,3.3,4.8,1.3,0.5,2.1,4.7,10.4
No,Devin Harris,harride01,2017,NBA,33,DAL,PG,65,0,1087,4.5,11.3,0.399,1.9,5.9,0.328,2.6,5.4,0.476,0.484,3.5,4.3,0.829,0.4,3.8,4.2,4.5,1.4,0.2,1.9,3.3,14.5
No,Gary Harris,harriga01,2017,NBA,22,DEN,SG,57,56,1782,6.5,12.9,0.502,2.2,5.2,0.420,4.3,7.7,0.558,0.586,2.1,2.7,0.776,1.0,2.6,3.6,3.3,1.4,0.2,1.5,1.9,17.2
No,Joe Harris,harrijo01,2017,NBA,25,BRK,SG,52,11,1138,4.9,11.5,0.425,2.7,7.0,0.385,2.2,4.5,0.489,0.543,1.1,1.6,0.714,0.5,4.1,4.7,1.7,0.9,0.3,1.7,3.8,13.5
No,Manny Harris,harrima01,2017,NBA,27,DAL,SG,4,0,25,4.3,21.6,0.200,0.0,2.9,0.000,4.3,18.7,0.231,0.200,2.9,5.8,0.500,4.3,8.6,13.0,2.9,0.0,0.0,2.9,1.4,11.5
No,Tobias Harris,harrito02,2017,NBA,24,DET,PF,82,48,2567,7.2,14.9,0.481,1.5,4.4,0.347,5.6,10.5,0.537,0.532,2.7,3.2,0.841,0.9,5.0,5.8,2.0,0.8,0.5,1.3,1.9,18.5
No,Udonis Haslem,hasleud01,2017,NBA,36,MIA,C,16,0,130,3.0,6.4,0.478,0.0,0.8,0.000,3.0,5.5,0.550,0.478,2.5,4.2,0.600,2.2,7.8,10.0,1.7,1.7,0.3,2.2,6.1,8.6
No,Spencer Hawes,hawessp01,2017,NBA,28,2TM,PF,54,1,797,6.1,12.5,0.484,1.1,3.7,0.309,4.9,8.9,0.556,0.529,2.0,2.3,0.846,1.7,6.9,8.6,3.7,0.7,1.4,2.2,3.5,15.2
No,Spencer Hawes,hawessp01,2017,NBA,28,CHO,PF,35,1,626,6.0,12.5,0.477,0.9,3.2,0.291,5.1,9.4,0.540,0.514,1.7,2.0,0.882,1.8,6.6,8.4,3.6,0.7,1.5,2.3,3.5,14.6
No,Spencer Hawes,hawessp01,2017,NBA,28,MIL,PF,19,0,171,6.3,12.4,0.508,1.9,5.5,0.346,4.4,6.9,0.636,0.585,2.9,3.8,0.778,1.3,8.2,9.5,4.0,0.4,0.8,1.9,3.4,17.5
No,Gordon Hayward,haywago01,2017,NBA,26,UTA,SF,73,73,2516,7.8,16.5,0.471,2.1,5.4,0.398,5.7,11.2,0.506,0.536,5.2,6.1,0.844,0.7,4.9,5.6,3.6,1.0,0.3,2.0,1.7,22.9
No,Gerald Henderson,hendege02,2017,NBA,29,PHI,SG,72,41,1667,5.1,11.9,0.423,1.3,3.7,0.353,3.7,8.2,0.455,0.478,2.9,3.6,0.806,0.7,3.3,4.0,2.4,0.9,0.3,1.3,2.8,14.3
No,John Henson,hensojo01,2017,NBA,26,MIL,C,58,39,1123,5.1,9.9,0.515,0.0,0.0,0.000,5.1,9.9,0.516,0.515,2.4,3.4,0.692,2.9,6.5,9.5,1.8,0.9,2.5,1.7,4.8,12.6
No,Juancho Hernangómez,hernaju01,2017,NBA,21,DEN,PF,62,9,842,4.3,9.6,0.451,2.0,4.8,0.407,2.4,4.7,0.495,0.554,2.4,3.2,0.750,1.8,6.2,8.0,1.2,1.3,0.5,1.3,2.7,13.0
No,Willy Hernangómez,hernawi01,2017,NBA,22,NYK,C,72,22,1324,6.7,12.6,0.529,0.1,0.4,0.267,6.6,12.2,0.538,0.533,2.5,3.4,0.728,4.6,9.0,13.6,2.6,1.1,1.0,2.7,4.1,16.0
No,Mario Hezonja,hezonma01,2017,NBA,21,ORL,SF,65,2,960,4.4,12.4,0.355,1.6,5.4,0.299,2.8,7.0,0.398,0.420,1.5,1.9,0.800,0.7,4.7,5.5,2.3,1.1,0.6,2.2,2.8,11.9
No,Roy Hibbert,hibbero01,2017,NBA,30,2TM,C,48,13,682,4.2,7.8,0.544,0.0,0.0,,4.2,7.8,0.544,0.544,3.2,4.0,0.813,2.9,5.2,8.0,1.1,0.4,2.4,1.7,5.3,11.7
No,Roy Hibbert,hibbero01,2017,NBA,30,CHO,C,42,13,671,4.2,7.7,0.542,0.0,0.0,,4.2,7.7,0.542,0.542,3.3,4.0,0.813,2.8,5.2,8.0,1.1,0.4,2.4,1.7,5.2,11.6
No,Roy Hibbert,hibbero01,2017,NBA,30,DEN,C,6,0,11,6.5,9.8,0.667,0.0,0.0,,6.5,9.8,0.667,0.667,0.0,0.0,,3.3,3.3,6.5,3.3,0.0,6.5,3.3,9.8,13.1
No,Buddy Hield,hieldbu01,2017,NBA,24,2TM,SG,82,55,1888,6.2,14.6,0.426,2.8,7.2,0.391,3.4,7.4,0.461,0.523,1.2,1.4,0.842,0.7,4.5,5.1,2.3,0.7,0.2,1.9,2.2,16.5
No,Buddy Hield,hieldbu01,2017,NBA,24,NOP,SG,57,37,1161,5.7,14.6,0.393,2.8,7.5,0.369,3.0,7.1,0.417,0.487,0.9,1.0,0.879,0.6,4.6,5.1,2.4,0.6,0.2,1.5,2.5,15.1
No,Buddy Hield,hieldbu01,2017,NBA,24,SAC,SG,25,18,727,7.0,14.7,0.480,2.9,6.8,0.428,4.1,7.8,0.525,0.579,1.7,2.1,0.814,0.8,4.3,5.1,2.2,1.0,0.1,2.6,1.7,18.7
No,Nenê,hilarne01,2017,NBA,34,HOU,C,67,8,1198,7.4,11.9,0.617,0.1,0.3,0.333,7.3,11.7,0.624,0.621,3.5,5.9,0.589,2.9,5.6,8.5,2.0,1.7,1.2,2.2,4.9,18.3
No,George Hill,hillge01,2017,NBA,30,UTA,PG,49,49,1544,6.7,14.1,0.477,2.2,5.4,0.403,4.5,8.7,0.523,0.554,3.7,4.6,0.801,0.5,3.4,3.9,4.8,1.2,0.3,2.0,2.7,19.3
No,Darrun Hilliard,hillida01,2017,NBA,23,DET,SG,39,1,381,4.4,11.9,0.373,1.1,4.3,0.261,3.3,7.6,0.438,0.421,2.0,2.6,0.750,0.2,2.9,3.1,3.1,1.0,0.2,2.6,3.7,12.0
No,Jordan Hill,hilljo01,2017,NBA,29,MIN,C,7,0,47,3.8,10.0,0.385,0.0,0.0,,3.8,10.0,0.385,0.385,1.5,1.5,1.000,6.1,4.6,10.7,0.0,0.8,0.0,3.1,6.9,9.2
No,Solomon Hill,hillso01,2017,NBA,25,NOP,SF,80,71,2374,2.8,7.2,0.383,1.4,4.1,0.348,1.3,3.2,0.428,0.481,1.6,1.9,0.805,0.8,3.9,4.7,2.1,1.1,0.5,1.2,2.8,8.5
No,Jrue Holiday,holidjr01,2017,NBA,26,NOP,PG,67,61,2190,6.7,14.7,0.454,1.6,4.6,0.356,5.0,10.1,0.498,0.510,2.0,2.8,0.708,0.8,3.6,4.3,8.0,1.6,0.7,3.2,2.2,16.9
No,Justin Holiday,holidju01,2017,NBA,27,NYK,SG,82,4,1639,5.1,11.8,0.433,2.1,6.0,0.355,3.0,5.8,0.513,0.523,1.4,1.8,0.825,0.6,4.3,4.9,2.2,1.4,0.7,1.4,2.4,13.8
No,Rondae Hollis-Jefferson,holliro01,2017,NBA,22,BRK,SF,78,50,1761,4.8,11.1,0.434,0.3,1.4,0.224,4.5,9.7,0.463,0.447,3.9,5.2,0.751,2.0,7.3,9.2,3.1,1.7,0.9,2.4,3.6,13.8
No,Richaun Holmes,holmeri01,2017,NBA,23,PHI,C,57,17,1193,6.9,12.4,0.558,0.8,2.3,0.351,6.1,10.1,0.606,0.591,2.2,3.1,0.699,2.8,6.5,9.4,1.8,1.3,1.7,1.7,4.1,16.9
No,Rodney Hood,hoodro01,2017,NBA,24,UTA,SG,59,55,1593,6.1,15.1,0.408,2.6,6.9,0.371,3.6,8.1,0.440,0.494,2.0,2.6,0.783,0.4,4.2,4.6,2.2,0.9,0.2,1.5,3.0,16.9
No,Al Horford,horfoal01,2017,NBA,30,BOS,C,68,68,2193,6.2,13.1,0.473,1.4,4.0,0.355,4.8,9.2,0.524,0.527,1.8,2.2,0.800,1.6,6.1,7.6,5.5,0.9,1.4,1.9,2.3,15.6
No,Danuel House Jr.,houseda01,2017,NBA,23,WAS,SG,1,0,1,0.0,0.0,,0.0,0.0,,0.0,0.0,,,0.0,0.0,,0.0,36.0,36.0,0.0,0.0,0.0,0.0,0.0,0.0
No,Dwight Howard,howardw01,2017,NBA,31,ATL,C,74,74,2199,6.4,10.0,0.633,0.0,0.0,0.000,6.4,10.0,0.635,0.633,3.7,6.9,0.533,4.8,10.5,15.4,1.7,1.0,1.5,2.8,3.3,16.4
No,Marcelo Huertas,huertma01,2017,NBA,33,LAL,PG,23,1,237,3.8,10.3,0.368,0.6,2.9,0.211,3.2,7.4,0.429,0.397,1.4,2.6,0.529,0.3,3.3,3.6,7.9,1.5,0.3,2.9,2.4,9.6
No,Josh Huestis,huestjo01,2017,NBA,25,OKC,PF,2,0,31,7.0,12.8,0.545,2.3,4.6,0.500,4.6,8.1,0.571,0.636,0.0,1.2,0.000,4.6,5.8,10.5,3.5,0.0,3.5,0.0,0.0,16.3
No,Kris Humphries,humphkr01,2017,NBA,31,ATL,PF,56,4,689,4.5,11.2,0.407,1.0,2.8,0.352,3.6,8.4,0.425,0.451,3.3,4.3,0.780,3.1,7.6,10.8,1.5,0.8,1.1,1.5,3.6,13.4
No,R.J. Hunter,hunterj01,2017,NBA,23,CHI,SG,3,0,9,0.0,4.0,0.000,0.0,4.0,0.000,0.0,0.0,,0.000,0.0,0.0,,0.0,4.0,4.0,0.0,0.0,0.0,0.0,0.0,0.0
No,Serge Ibaka,ibakase01,2017,NBA,27,2TM,PF,79,79,2422,7.0,14.6,0.480,1.8,4.7,0.391,5.2,9.9,0.522,0.543,1.6,1.9,0.856,1.9,6.1,8.0,1.1,0.6,1.8,1.6,3.2,17.4
No,Serge Ibaka,ibakase01,2017,NBA,27,ORL,PF,56,56,1710,7.2,14.8,0.488,1.7,4.5,0.388,5.5,10.3,0.532,0.547,1.6,1.9,0.846,2.1,5.9,8.0,1.3,0.7,1.9,1.4,2.9,17.8
No,Serge Ibaka,ibakase01,2017,NBA,27,TOR,PF,23,23,712,6.5,14.1,0.459,2.1,5.2,0.398,4.4,8.9,0.494,0.532,1.5,1.7,0.882,1.5,6.4,7.9,0.8,0.4,1.7,2.0,3.8,16.5
No,Andre Iguodala,iguodan01,2017,NBA,33,GSW,SF,76,0,1998,3.9,7.5,0.528,1.2,3.2,0.362,2.8,4.3,0.651,0.605,1.3,1.8,0.706,0.9,4.6,5.5,4.7,1.4,0.7,1.0,1.7,10.3
No,Ersan İlyasova,ilyaser01,2017,NBA,29,3TM,PF,82,52,2142,6.5,15.0,0.431,2.4,6.8,0.353,4.1,8.2,0.496,0.511,2.7,3.5,0.778,1.9,6.2,8.1,2.4,1.0,0.4,1.9,3.5,18.0
No,Ersan İlyasova,ilyaser01,2017,NBA,29,OKC,PF,3,0,62,3.5,9.3,0.375,1.7,7.0,0.250,1.7,2.3,0.750,0.469,0.0,0.0,,1.2,8.1,9.3,0.6,1.7,0.6,2.3,2.9,8.7
No,Ersan İlyasova,ilyaser01,2017,NBA,29,PHI,PF,53,40,1447,7.1,16.1,0.440,2.7,7.4,0.359,4.4,8.7,0.509,0.522,2.7,3.5,0.768,1.8,6.0,7.8,2.4,0.8,0.3,1.9,3.3,19.6
No,Ersan İlyasova,ilyaser01,2017,NBA,29,ATL,PF,26,12,633,5.3,12.9,0.412,1.8,5.2,0.348,3.5,7.6,0.455,0.482,3.0,3.7,0.800,2.4,6.2,8.6,2.4,1.3,0.5,1.9,4.2,15.4
No,Joe Ingles,inglejo01,2017,NBA,29,UTA,SF,82,26,1972,3.7,8.2,0.452,2.2,5.1,0.441,1.5,3.1,0.471,0.589,0.9,1.2,0.735,0.4,4.3,4.8,4.1,1.8,0.1,2.0,3.0,10.6
No,Brandon Ingram,ingrabr01,2017,NBA,19,LAL,SF,79,40,2279,4.4,10.8,0.402,0.9,3.0,0.294,3.5,7.9,0.443,0.442,2.1,3.4,0.621,0.9,4.0,5.0,2.6,0.8,0.6,1.8,2.5,11.7
No,Kyrie Irving,irvinky01,2017,NBA,24,CLE,PG,72,72,2525,9.6,20.2,0.473,2.5,6.3,0.401,7.0,14.0,0.505,0.535,4.2,4.7,0.905,0.7,2.5,3.3,6.0,1.2,0.3,2.6,2.2,25.9
No,Jarrett Jack,jackja01,2017,NBA,33,NOP,PG,2,0,33,2.2,3.3,0.667,0.0,1.1,0.000,2.2,2.2,1.000,0.667,2.2,2.2,1.000,0.0,0.0,0.0,5.5,2.2,0.0,3.3,4.4,6.5
No,Demetrius Jackson,jacksde01,2017,NBA,22,BOS,PG,5,0,17,6.4,8.5,0.750,2.1,2.1,1.000,4.2,6.4,0.667,0.875,6.4,12.7,0.500,4.2,4.2,8.5,6.4,0.0,0.0,0.0,0.0,21.2
No,Pierre Jackson,jackspi01,2017,NBA,25,DAL,PG,8,1,84,5.6,16.7,0.333,1.3,4.7,0.273,4.3,12.0,0.357,0.372,2.6,3.0,0.857,0.4,3.4,3.9,8.1,0.9,0.0,1.3,2.1,15.0
No,Reggie Jackson,jacksre01,2017,NBA,26,DET,PG,52,50,1424,7.2,17.1,0.419,1.7,4.7,0.359,5.5,12.5,0.442,0.468,3.0,3.4,0.868,0.5,2.4,2.9,6.8,0.9,0.1,2.9,3.3,19.0
No,LeBron James,jamesle01,2017,NBA,32,CLE,SF,74,74,2794,9.5,17.3,0.548,1.6,4.4,0.363,7.9,12.9,0.611,0.594,4.6,6.8,0.674,1.2,7.0,8.2,8.3,1.2,0.6,3.9,1.7,25.2
No,Al Jefferson,jeffeal01,2017,NBA,32,IND,C,66,1,931,9.1,18.2,0.499,0.0,0.0,0.000,9.1,18.2,0.500,0.499,2.5,3.3,0.765,2.9,7.8,10.7,2.2,0.7,0.6,1.3,4.8,20.7
No,Richard Jefferson,jefferi01,2017,NBA,36,CLE,SF,79,13,1614,3.4,7.7,0.446,1.4,4.1,0.333,2.0,3.5,0.580,0.536,1.8,2.4,0.741,0.6,3.9,4.5,1.7,0.6,0.2,1.2,3.4,10.0
No,John Jenkins,jenkijo01,2017,NBA,25,PHO,SG,4,0,13,5.5,13.8,0.400,2.8,5.5,0.500,2.8,8.3,0.333,0.500,5.5,5.5,1.000,0.0,2.8,2.8,2.8,0.0,0.0,0.0,0.0,19.4
No,Brandon Jennings,jennibr01,2017,NBA,27,2TM,PG,81,13,1802,3.8,10.7,0.359,1.6,5.0,0.313,2.3,5.7,0.399,0.433,2.3,3.0,0.750,0.6,3.3,3.9,7.9,1.4,0.1,2.6,2.3,11.5
No,Brandon Jennings,jennibr01,2017,NBA,27,NYK,PG,58,11,1428,4.1,10.8,0.380,1.7,5.0,0.340,2.4,5.8,0.415,0.459,2.6,3.4,0.756,0.5,3.3,3.8,7.2,1.4,0.1,2.7,2.1,12.5
No,Brandon Jennings,jennibr01,2017,NBA,27,WAS,PG,23,2,374,2.8,10.2,0.274,1.1,5.0,0.212,1.7,5.2,0.333,0.325,1.2,1.6,0.706,0.8,3.5,4.2,10.4,1.4,0.0,2.1,3.1,7.8
No,Jonas Jerebko,jerebjo01,2017,NBA,29,BOS,PF,78,6,1232,3.3,7.7,0.435,1.3,3.8,0.346,2.0,3.9,0.523,0.521,0.8,1.1,0.703,1.7,6.2,7.9,2.1,0.7,0.5,1.1,3.6,8.7
No,Amir Johnson,johnsam01,2017,NBA,29,BOS,PF,80,77,1608,4.8,8.3,0.576,0.6,1.5,0.409,4.2,6.8,0.612,0.612,1.5,2.2,0.670,2.6,5.6,8.2,3.1,1.1,1.4,1.7,4.7,11.6
No,Brice Johnson,johnsbr02,2017,NBA,22,LAC,PF,3,0,9,8.0,28.0,0.286,0.0,0.0,,8.0,28.0,0.286,0.286,0.0,0.0,,4.0,8.0,12.0,4.0,8.0,4.0,4.0,0.0,16.0
No,James Johnson,johnsja01,2017,NBA,29,MIA,PF,76,5,2085,6.4,13.3,0.479,1.5,4.4,0.340,4.9,8.9,0.548,0.535,2.6,3.7,0.707,1.1,5.4,6.5,4.8,1.3,1.5,3.0,3.4,16.8
No,Joe Johnson,johnsjo02,2017,NBA,35,UTA,SF,78,14,1843,5.3,12.2,0.436,2.1,5.0,0.411,3.3,7.2,0.454,0.521,1.2,1.5,0.818,0.6,4.1,4.7,2.8,0.7,0.4,1.3,1.8,14.0
No,Stanley Johnson,johnsst04,2017,NBA,20,DET,SF,77,1,1371,3.4,9.6,0.353,1.2,4.0,0.292,2.2,5.5,0.398,0.415,0.9,1.4,0.679,0.9,4.0,5.0,2.8,1.5,0.6,1.9,3.2,8.9
No,Tyler Johnson,johnsty01,2017,NBA,24,MIA,PG,73,0,2178,5.9,13.6,0.433,1.5,4.1,0.372,4.4,9.5,0.460,0.490,3.2,4.2,0.768,0.8,4.0,4.8,3.9,1.4,0.7,1.5,2.9,16.6
No,Wesley Johnson,johnswe01,2017,NBA,29,LAC,SF,68,3,810,3.2,8.9,0.365,1.3,5.2,0.246,2.0,3.6,0.537,0.438,0.5,0.8,0.647,1.2,6.9,8.0,1.0,1.3,1.3,0.8,3.7,8.3
No,Nikola Jokić,jokicni01,2017,NBA,21,DEN,C,73,59,2038,8.7,15.1,0.578,0.8,2.5,0.324,7.9,12.6,0.628,0.605,3.3,4.0,0.825,3.7,8.9,12.7,6.3,1.1,1.0,3.0,3.8,21.6
No,Dahntay Jones,jonesda02,2017,NBA,36,CLE,SF,1,0,12,9.0,24.0,0.375,0.0,6.0,0.000,9.0,18.0,0.500,0.375,9.0,12.0,0.750,3.0,3.0,6.0,3.0,0.0,0.0,3.0,3.0,27.0
No,Damian Jones,jonesda03,2017,NBA,21,GSW,C,10,0,85,3.4,6.8,0.500,0.0,0.0,,3.4,6.8,0.500,0.500,1.3,4.2,0.300,3.8,5.9,9.7,0.0,0.4,1.7,2.5,6.4,8.0
No,Derrick Jones Jr.,jonesde02,2017,NBA,19,PHO,SF,32,8,545,4.5,8.0,0.562,0.2,0.7,0.273,4.3,7.3,0.591,0.574,1.9,2.7,0.707,2.6,2.6,5.2,0.8,0.9,0.9,0.9,4.2,11.1
No,James Jones,jonesja02,2017,NBA,36,CLE,SF,48,2,381,4.2,8.7,0.478,2.9,6.2,0.470,1.2,2.5,0.500,0.647,1.2,1.9,0.650,0.3,3.2,3.5,1.3,0.6,0.9,0.9,3.5,12.5
No,Terrence Jones,joneste01,2017,NBA,25,2TM,PF,54,12,1270,6.5,13.9,0.470,0.5,2.1,0.253,6.0,11.8,0.508,0.489,2.9,4.8,0.606,1.8,6.8,8.7,1.7,1.1,1.5,1.4,1.9,16.6
No,Terrence Jones,joneste01,2017,NBA,25,NOP,PF,51,12,1264,6.6,13.9,0.472,0.5,2.1,0.253,6.0,11.8,0.512,0.492,2.9,4.8,0.606,1.9,6.8,8.6,1.7,1.1,1.5,1.4,1.9,16.6
No,Terrence Jones,joneste01,2017,NBA,25,MIL,PF,3,0,6,0.0,18.0,0.000,0.0,0.0,,0.0,18.0,0.000,0.000,0.0,0.0,,0.0,18.0,18.0,0.0,6.0,6.0,0.0,0.0,0.0
No,Tyus Jones,jonesty01,2017,NBA,20,MIN,PG,60,0,774,3.5,8.4,0.414,1.2,3.4,0.356,2.3,5.0,0.454,0.486,1.5,2.0,0.767,0.5,2.7,3.1,7.3,2.2,0.2,1.8,2.3,9.7
No,DeAndre Jordan,jordade01,2017,NBA,28,LAC,C,81,81,2570,5.8,8.1,0.714,0.0,0.0,0.000,5.8,8.1,0.717,0.714,2.9,6.0,0.482,4.2,11.4,15.6,1.3,0.7,1.9,1.6,3.0,14.4
No,Cory Joseph,josepco01,2017,NBA,25,TOR,PG,80,22,2003,5.4,11.9,0.452,0.9,2.4,0.356,4.5,9.5,0.477,0.489,1.7,2.2,0.770,0.9,3.3,4.2,4.8,1.2,0.2,1.9,2.5,13.3
No,Frank Kaminsky,kaminfr01,2017,NBA,23,CHO,C,75,16,1954,5.9,14.8,0.399,2.1,6.5,0.328,3.8,8.3,0.455,0.471,2.2,2.9,0.756,1.1,5.1,6.2,3.0,0.8,0.6,1.4,2.6,16.1
No,Enes Freedom,kanteen01,2017,NBA,24,OKC,C,72,0,1533,9.4,17.3,0.545,0.1,0.9,0.132,9.3,16.4,0.568,0.549,5.3,6.7,0.786,4.6,6.7,11.3,1.6,0.8,0.9,2.9,3.6,24.3
No,Ryan Kelly,kellyry01,2017,NBA,25,ATL,PF,16,0,110,2.6,9.2,0.286,1.3,3.3,0.400,1.3,5.9,0.222,0.357,1.6,2.0,0.833,0.3,5.6,5.9,2.6,1.3,1.6,1.3,1.6,8.2
No,Michael Kidd-Gilchrist,kiddgmi01,2017,NBA,23,CHO,SF,81,81,2349,4.5,9.5,0.477,0.0,0.1,0.111,4.5,9.3,0.483,0.478,2.3,3.0,0.784,2.4,6.3,8.7,1.7,1.2,1.2,0.9,2.9,11.4
No,Sean Kilpatrick,kilpase01,2017,NBA,27,BRK,SG,70,24,1754,6.3,15.1,0.415,2.2,6.3,0.341,4.1,8.8,0.468,0.486,4.2,5.0,0.843,0.5,5.3,5.7,3.2,0.9,0.1,2.8,2.4,18.9
No,Brandon Knight,knighbr03,2017,NBA,25,PHO,SG,54,5,1140,6.6,16.6,0.398,1.4,4.4,0.324,5.2,12.2,0.425,0.441,4.2,4.9,0.857,0.8,2.9,3.7,4.1,0.9,0.2,2.8,2.7,18.8
No,Kyle Korver,korveky01,2017,NBA,35,2TM,SG,67,22,1753,4.9,10.6,0.464,3.3,7.4,0.451,1.6,3.2,0.494,0.621,0.8,0.9,0.905,0.1,3.7,3.8,2.3,0.7,0.4,1.4,2.2,13.9
No,Kyle Korver,korveky01,2017,NBA,35,ATL,SG,32,21,894,4.3,9.9,0.439,2.6,6.4,0.409,1.7,3.5,0.494,0.571,1.0,1.1,0.889,0.0,3.6,3.6,3.0,0.9,0.5,1.6,1.9,12.3
No,Kyle Korver,korveky01,2017,NBA,35,CLE,SG,35,1,859,5.5,11.3,0.487,4.1,8.4,0.485,1.4,2.9,0.493,0.667,0.6,0.6,0.933,0.3,3.8,4.1,1.5,0.5,0.3,1.2,2.5,15.6
No,Kosta Koufos,koufoko01,2017,NBA,27,SAC,C,71,62,1419,5.5,9.9,0.551,0.0,0.0,0.000,5.5,9.9,0.552,0.551,1.0,1.6,0.613,3.0,7.2,10.2,1.2,0.9,1.2,1.5,4.4,11.9
No,Mindaugas Kuzminskas,kuzmimi01,2017,NBA,27,NYK,SF,68,5,1016,5.6,13.1,0.428,1.9,6.0,0.321,3.7,7.1,0.517,0.501,1.9,2.4,0.809,1.7,2.8,4.5,2.4,1.0,0.4,1.8,2.8,15.1
No,Skal Labissière,labissk01,2017,NBA,20,SAC,PF,33,12,612,6.9,12.8,0.537,0.2,0.5,0.375,6.7,12.4,0.543,0.544,3.1,4.4,0.703,3.0,6.5,9.5,1.6,0.9,0.8,2.2,3.8,17.0
No,Jeremy Lamb,lambje01,2017,NBA,24,CHO,SG,62,5,1143,7.1,15.5,0.460,1.3,4.6,0.281,5.8,10.9,0.536,0.502,3.5,4.1,0.853,0.9,7.4,8.3,2.4,0.9,0.7,1.3,3.1,19.0
No,Nicolás Laprovíttola,laproni01,2017,NBA,27,SAS,PG,18,3,174,4.1,9.7,0.426,2.1,5.6,0.370,2.1,4.1,0.500,0.532,1.9,1.9,1.000,0.2,1.9,2.1,5.8,0.8,0.2,3.9,3.9,12.2
No,Joffrey Lauvergne,lauvejo01,2017,NBA,25,2TM,C,70,1,980,5.4,12.3,0.440,1.2,3.6,0.337,4.2,8.7,0.483,0.490,1.7,2.7,0.630,2.6,6.6,9.2,2.6,0.9,0.2,2.1,3.0,13.8
No,Joffrey Lauvergne,lauvejo01,2017,NBA,25,OKC,PF,50,0,739,5.4,11.9,0.455,1.3,3.8,0.346,4.1,8.1,0.506,0.510,1.8,2.8,0.638,2.5,6.4,8.9,2.5,0.9,0.3,1.9,3.5,13.9
No,Joffrey Lauvergne,lauvejo01,2017,NBA,25,CHI,C,20,1,241,5.5,13.7,0.402,0.9,3.0,0.300,4.6,10.8,0.431,0.435,1.3,2.2,0.600,3.1,7.0,10.2,2.8,1.0,0.0,2.4,1.8,13.3
No,Zach LaVine,lavinza01,2017,NBA,21,MIN,SG,47,47,1749,6.7,14.6,0.459,2.5,6.4,0.387,4.2,8.2,0.515,0.544,2.4,2.9,0.836,0.4,2.9,3.3,2.9,0.8,0.2,1.7,2.1,18.3
No,Ty Lawson,lawsoty01,2017,NBA,29,SAC,PG,69,24,1732,4.9,10.8,0.454,0.7,2.5,0.288,4.2,8.4,0.502,0.487,3.6,4.5,0.797,0.9,2.8,3.7,6.9,1.5,0.1,2.7,2.5,14.2
No,Jake Layman,laymaja01,2017,NBA,22,POR,SF,35,1,249,3.8,12.9,0.292,1.9,7.4,0.255,1.9,5.5,0.342,0.365,1.9,2.5,0.765,0.9,2.6,3.5,1.6,1.3,0.4,1.6,3.2,11.3
No,Courtney Lee,leeco01,2017,NBA,31,NYK,SG,77,74,2459,4.7,10.3,0.456,1.6,3.9,0.401,3.1,6.4,0.490,0.533,1.2,1.4,0.867,0.8,3.0,3.8,2.6,1.2,0.4,1.0,2.1,12.2
No,David Lee,leeda02,2017,NBA,33,SAS,PF,79,10,1477,6.0,10.2,0.590,0.0,0.0,,6.0,10.2,0.590,0.590,1.9,2.8,0.708,3.6,7.1,10.7,3.0,0.8,1.0,2.0,3.0,14.0
No,Alex Len,lenal01,2017,NBA,23,PHO,C,77,34,1560,5.3,10.7,0.497,0.1,0.3,0.250,5.2,10.4,0.503,0.500,3.5,4.8,0.721,3.6,8.2,11.8,1.0,0.9,2.3,2.4,5.6,14.1
No,Kawhi Leonard,leonaka01,2017,NBA,25,SAS,SF,74,74,2474,9.3,19.1,0.485,2.1,5.6,0.380,7.1,13.5,0.529,0.541,6.8,7.8,0.880,1.2,5.1,6.3,3.8,1.9,0.8,2.2,1.8,27.5
No,Meyers Leonard,leoname01,2017,NBA,24,POR,PF,74,12,1222,4.3,11.1,0.386,2.2,6.3,0.347,2.1,4.9,0.436,0.484,1.0,1.2,0.875,0.8,6.2,7.0,2.1,0.4,0.8,1.0,5.1,11.8
No,Jon Leuer,leuerjo01,2017,NBA,27,DET,PF,75,34,1944,5.7,12.0,0.480,0.9,3.1,0.293,4.8,8.9,0.545,0.518,1.8,2.1,0.867,1.9,5.6,7.4,2.1,0.6,0.5,1.2,2.7,14.2
No,Caris LeVert,leverca01,2017,NBA,22,BRK,SF,57,26,1237,5.0,11.1,0.450,1.7,5.4,0.321,3.3,5.7,0.571,0.528,1.9,2.7,0.720,0.7,4.8,5.5,3.2,1.4,0.2,1.7,2.6,13.6
No,DeAndre Liggins,liggide01,2017,NBA,28,2TM,SG,62,19,777,2.5,6.6,0.387,0.8,2.1,0.370,1.8,4.4,0.396,0.447,1.2,1.9,0.625,0.9,4.1,5.0,2.5,2.2,0.6,1.9,3.8,7.0
No,DeAndre Liggins,liggide01,2017,NBA,28,CLE,SG,61,19,752,2.5,6.5,0.382,0.8,2.2,0.378,1.7,4.4,0.385,0.445,1.1,1.8,0.622,0.8,4.0,4.8,2.6,2.2,0.7,2.0,3.7,6.9
No,DeAndre Liggins,liggide01,2017,NBA,28,DAL,SG,1,0,25,4.3,8.6,0.500,0.0,1.4,0.000,4.3,7.2,0.600,0.500,2.9,4.3,0.667,4.3,5.8,10.1,0.0,2.9,0.0,0.0,4.3,11.5
No,Damian Lillard,lillada01,2017,NBA,26,POR,PG,75,75,2694,8.8,19.9,0.444,2.9,7.7,0.370,6.0,12.1,0.492,0.516,6.5,7.3,0.895,0.6,4.3,4.9,5.9,0.9,0.3,2.6,2.0,27.0
No,Jeremy Lin,linje01,2017,NBA,28,BRK,PG,36,33,883,7.1,16.3,0.438,2.4,6.4,0.372,4.8,9.9,0.480,0.510,4.7,5.7,0.816,0.4,5.1,5.5,7.5,1.7,0.6,3.5,3.2,21.3
No,Shaun Livingston,livinsh01,2017,NBA,31,GSW,PG,76,3,1345,4.6,8.5,0.547,0.0,0.1,0.333,4.6,8.4,0.550,0.549,1.1,1.6,0.700,0.7,3.3,4.0,3.7,1.0,0.5,1.7,3.2,10.4
No,Shawn Long,longsh01,2017,NBA,24,PHI,C,18,0,234,9.4,16.8,0.560,1.1,2.9,0.368,8.3,13.8,0.600,0.592,2.9,5.4,0.543,6.3,6.8,13.1,2.0,1.4,1.4,2.0,7.5,22.8
No,Kevon Looney,looneke01,2017,NBA,20,GSW,C,53,4,447,4.5,8.6,0.523,0.2,0.7,0.222,4.3,7.9,0.551,0.533,1.7,2.7,0.618,3.5,6.4,10.0,2.3,1.2,1.4,1.4,5.2,10.9
No,Brook Lopez,lopezbr01,2017,NBA,28,BRK,C,75,75,2222,9.0,19.0,0.474,2.2,6.3,0.346,6.8,12.7,0.536,0.531,4.8,5.9,0.810,2.0,4.6,6.5,2.9,0.6,2.0,3.0,3.1,24.9
No,Robin Lopez,lopezro01,2017,NBA,28,CHI,C,81,81,2271,6.1,12.3,0.493,0.0,0.0,0.000,6.1,12.3,0.494,0.493,1.2,1.6,0.721,3.9,4.4,8.2,1.3,0.3,1.9,1.4,2.4,13.3
No,Kevin Love,loveke01,2017,NBA,28,CLE,PF,60,60,1885,7.1,16.6,0.427,2.8,7.4,0.373,4.3,9.1,0.471,0.510,4.9,5.6,0.871,2.8,9.9,12.7,2.2,1.0,0.4,2.3,2.4,21.8
No,Kyle Lowry,lowryky01,2017,NBA,30,TOR,PG,60,60,2244,6.8,14.7,0.464,3.1,7.5,0.412,3.7,7.2,0.518,0.569,4.8,5.9,0.819,0.8,3.8,4.6,6.7,1.4,0.3,2.8,2.7,21.6
No,John Lucas III,lucasjo02,2017,NBA,34,MIN,PG,5,0,11,3.3,13.1,0.250,0.0,3.3,0.000,3.3,9.8,0.333,0.250,0.0,0.0,,0.0,0.0,0.0,3.3,6.5,0.0,0.0,0.0,6.5
No,Timothé Luwawu-Cabarrot,luwawti01,2017,NBA,21,PHI,SF,69,19,1190,4.4,10.9,0.402,1.5,4.9,0.311,2.9,6.1,0.475,0.471,3.2,3.7,0.854,0.8,3.8,4.5,2.3,1.0,0.3,2.2,4.7,13.5
No,Trey Lyles,lylestr01,2017,NBA,21,UTA,PF,71,4,1158,4.9,13.6,0.362,2.0,6.3,0.319,2.9,7.3,0.400,0.436,1.8,2.5,0.722,1.5,5.8,7.3,2.1,0.8,0.6,2.0,3.0,13.7
No,Shelvin Mack,macksh01,2017,NBA,26,UTA,PG,55,9,1205,5.1,11.4,0.446,1.1,3.6,0.308,4.0,7.8,0.510,0.495,1.6,2.3,0.688,0.6,3.1,3.7,4.6,1.3,0.1,2.7,3.0,12.8
No,Ian Mahinmi,mahinia01,2017,NBA,30,WAS,C,31,0,555,4.2,7.2,0.586,0.0,0.0,,4.2,7.2,0.586,0.586,2.8,4.9,0.573,3.0,6.7,9.7,1.2,2.1,1.6,2.2,5.8,11.2
No,Thon Maker,makerth01,2017,NBA,19,MIL,C,57,34,562,5.3,11.6,0.459,1.8,4.7,0.378,3.5,6.9,0.514,0.536,2.0,3.1,0.653,2.6,4.7,7.3,1.5,0.6,1.7,1.1,5.4,14.5
No,Boban Marjanović,marjabo01,2017,NBA,28,DET,C,35,0,293,8.8,16.2,0.545,0.0,0.0,,8.8,16.2,0.545,0.545,5.8,7.1,0.810,5.7,10.3,16.0,1.1,0.7,1.5,1.2,3.1,23.5
No,Jarell Martin,martija01,2017,NBA,22,MEM,PF,42,3,558,3.7,9.7,0.384,0.6,1.6,0.360,3.2,8.1,0.389,0.414,2.6,3.2,0.800,2.7,7.7,10.5,0.5,1.1,0.6,1.8,5.9,10.6
No,Wesley Matthews,matthwe02,2017,NBA,30,DAL,SG,73,73,2495,4.8,12.2,0.393,2.5,6.9,0.363,2.3,5.3,0.432,0.496,2.1,2.6,0.816,0.3,3.5,3.7,3.0,1.1,0.2,1.5,2.3,14.2
No,Luc Mbah a Moute,mbahalu01,2017,NBA,30,LAC,SF,80,76,1787,3.8,7.6,0.505,0.9,2.2,0.391,3.0,5.4,0.552,0.562,1.2,1.8,0.678,0.9,2.5,3.4,0.8,1.6,0.7,0.9,2.5,9.8
No,James Michael McAdoo,mcadoja01,2017,NBA,24,GSW,PF,52,2,457,4.9,9.2,0.530,0.2,0.6,0.250,4.7,8.6,0.550,0.538,1.7,3.3,0.500,2.7,4.5,7.2,1.4,1.4,2.3,1.5,3.7,11.6
No,Patrick McCaw,mccawpa01,2017,NBA,21,GSW,SG,71,20,1074,3.6,8.2,0.433,1.4,4.1,0.333,2.2,4.1,0.533,0.516,1.0,1.2,0.784,0.7,2.6,3.4,2.6,1.1,0.5,1.2,2.1,9.5
No,Sheldon Mac,mcclesh01,2017,NBA,24,WAS,SG,30,3,287,3.8,9.4,0.400,0.9,3.8,0.233,2.9,5.6,0.511,0.447,2.9,3.4,0.852,0.5,3.8,4.3,1.9,1.0,0.3,0.6,2.1,11.3
No,CJ McCollum,mccolcj01,2017,NBA,25,POR,SG,80,80,2796,8.9,18.6,0.480,2.4,5.7,0.421,6.5,12.9,0.506,0.544,3.5,3.8,0.912,0.8,2.9,3.7,3.7,0.9,0.5,2.2,2.6,23.7
No,T.J. McConnell,mccontj01,2017,NBA,24,PHI,PG,81,51,2133,4.0,8.6,0.461,0.2,0.9,0.200,3.8,7.7,0.492,0.472,1.2,1.5,0.811,0.7,3.6,4.2,9.0,2.3,0.2,2.7,2.3,9.4
No,Chris McCullough,mcculch01,2017,NBA,21,2TM,PF,16,0,80,7.2,14.4,0.500,0.5,3.2,0.143,6.8,11.3,0.600,0.516,1.4,2.3,0.600,4.1,4.5,8.6,0.9,0.9,0.9,1.4,3.2,16.2
No,Chris McCullough,mcculch01,2017,NBA,21,BRK,PF,14,0,72,8.0,15.5,0.516,0.5,3.0,0.167,7.5,12.5,0.600,0.532,1.0,1.5,0.667,4.5,4.0,8.5,1.0,0.5,1.0,1.0,3.5,17.5
No,Chris McCullough,mcculch01,2017,NBA,21,WAS,PF,2,0,8,0.0,4.5,0.000,0.0,4.5,0.000,0.0,0.0,,0.000,4.5,9.0,0.500,0.0,9.0,9.0,0.0,4.5,0.0,4.5,0.0,4.5
No,K.J. McDaniels,mcdankj01,2017,NBA,23,2TM,SF,49,0,505,5.5,12.0,0.456,1.4,4.7,0.303,4.1,7.3,0.553,0.515,2.3,2.7,0.842,1.1,4.8,5.8,0.9,1.4,1.3,2.1,3.5,14.7
No,K.J. McDaniels,mcdankj01,2017,NBA,23,HOU,SF,29,0,212,5.3,11.5,0.456,1.5,4.6,0.333,3.7,7.0,0.537,0.522,1.5,1.7,0.900,1.0,4.1,5.1,0.7,1.2,1.4,1.7,4.1,13.6
No,K.J. McDaniels,mcdankj01,2017,NBA,23,BRK,SF,20,0,293,5.7,12.4,0.455,1.4,4.8,0.282,4.3,7.6,0.565,0.510,2.8,3.4,0.821,1.1,5.3,6.4,1.1,1.5,1.2,2.3,3.1,15.5
No,Doug McDermott,mcderdo01,2017,NBA,25,2TM,SF,66,5,1508,5.3,11.9,0.447,1.8,5.0,0.370,3.5,6.9,0.502,0.524,1.7,2.0,0.845,0.5,3.8,4.3,1.4,0.3,0.1,0.9,1.9,14.1
No,Doug McDermott,mcderdo01,2017,NBA,25,CHI,SF,44,4,1078,5.5,12.5,0.445,1.9,5.0,0.373,3.7,7.4,0.493,0.520,2.0,2.2,0.881,0.5,3.9,4.3,1.5,0.4,0.1,1.1,1.9,14.9
No,Doug McDermott,mcderdo01,2017,NBA,25,OKC,SF,22,1,430,4.7,10.4,0.452,1.8,4.9,0.362,2.9,5.5,0.530,0.536,1.0,1.4,0.706,0.5,3.6,4.1,1.1,0.2,0.1,0.5,1.8,12.1
No,JaVale McGee,mcgeeja01,2017,NBA,29,GSW,C,77,10,739,10.1,15.5,0.652,0.0,0.1,0.000,10.1,15.4,0.658,0.652,2.7,5.4,0.505,4.9,7.0,11.9,0.8,0.9,3.3,1.9,5.3,23.0
No,Rodney McGruder,mcgruro01,2017,NBA,25,MIA,SG,78,65,1966,3.5,8.4,0.413,1.3,4.0,0.332,2.1,4.4,0.488,0.492,0.8,1.3,0.620,1.7,3.0,4.7,2.3,0.8,0.3,1.0,2.6,9.1
No,Ben McLemore,mclembe01,2017,NBA,23,SAC,SG,61,27,1176,5.5,12.8,0.430,2.0,5.2,0.382,3.5,7.6,0.462,0.507,2.1,2.8,0.753,0.6,3.4,3.9,1.6,0.9,0.2,1.9,3.3,15.2
No,Jordan McRae,mcraejo01,2017,NBA,25,CLE,SG,37,4,384,5.4,14.1,0.387,1.7,4.8,0.353,3.7,9.3,0.404,0.447,2.5,3.2,0.794,0.6,3.3,3.8,1.8,0.7,0.6,1.3,2.9,15.1
No,Josh McRoberts,mcrobjo01,2017,NBA,29,MIA,PF,22,14,381,4.2,11.1,0.373,1.2,2.9,0.419,2.9,8.2,0.356,0.428,0.6,0.9,0.667,2.2,4.8,7.0,4.7,0.9,0.4,2.2,2.9,10.1
No,Jodie Meeks,meeksjo01,2017,NBA,29,ORL,SG,36,10,738,5.0,12.5,0.402,2.7,6.7,0.409,2.3,5.8,0.395,0.512,3.2,3.6,0.878,0.2,3.5,3.8,2.2,1.7,0.2,1.8,2.0,16.0
No,Salah Mejri,mejrisa01,2017,NBA,30,DAL,C,73,11,905,3.5,5.4,0.642,0.0,0.1,0.333,3.5,5.3,0.649,0.646,1.4,2.4,0.590,3.9,8.4,12.3,0.6,1.3,2.4,1.6,6.0,8.5
No,Jordan Mickey,mickejo01,2017,NBA,22,BOS,PF,25,1,141,3.8,8.7,0.441,0.0,0.3,0.000,3.8,8.4,0.455,0.441,2.0,3.6,0.571,3.3,5.4,8.7,1.8,0.8,1.5,2.3,3.1,9.7
No,Khris Middleton,middlkh01,2017,NBA,25,MIL,SF,29,23,889,6.1,13.5,0.450,1.8,4.2,0.433,4.3,9.3,0.459,0.518,3.3,3.7,0.880,0.4,4.5,5.0,4.0,1.7,0.3,2.6,3.2,17.3
No,C.J. Miles,milescj01,2017,NBA,29,IND,SF,76,29,1776,5.7,13.1,0.434,3.4,8.3,0.413,2.3,4.8,0.471,0.565,1.7,1.9,0.903,0.6,4.0,4.6,1.0,0.9,0.5,0.8,3.1,16.5
No,Mike Miller,millemi01,2017,NBA,36,DEN,SF,20,0,151,2.1,5.5,0.391,1.9,4.8,0.400,0.2,0.7,0.333,0.565,0.5,0.5,1.000,0.5,8.6,9.1,5.2,0.5,0.0,3.1,2.1,6.7
No,Elijah Millsap,millsel01,2017,NBA,29,PHO,SG,2,0,23,1.6,11.0,0.143,0.0,3.1,0.000,1.6,7.8,0.200,0.143,1.6,3.1,0.500,4.7,4.7,9.4,1.6,0.0,0.0,3.1,3.1,4.7
No,Paul Millsap,millspa01,2017,NBA,31,ATL,PF,69,67,2343,6.6,14.9,0.442,1.2,3.7,0.311,5.5,11.2,0.486,0.481,4.8,6.2,0.768,1.7,6.5,8.2,3.9,1.4,1.0,2.4,2.9,19.1
No,Patty Mills,millspa02,2017,NBA,28,SAS,PG,80,8,1754,5.6,12.7,0.440,3.0,7.3,0.414,2.6,5.5,0.474,0.558,1.4,1.6,0.825,0.5,2.4,2.9,5.7,1.3,0.1,2.1,2.2,15.6
No,Nikola Mirotić,mirotni01,2017,NBA,25,CHI,PF,70,15,1679,5.5,13.4,0.413,2.8,8.1,0.342,2.8,5.3,0.520,0.516,2.1,2.7,0.773,1.3,6.9,8.2,1.6,1.1,1.2,1.7,2.7,16.0
No,Greg Monroe,monrogr01,2017,NBA,26,MIL,C,81,0,1823,7.6,14.3,0.533,0.0,0.1,0.000,7.6,14.3,0.536,0.533,3.5,4.7,0.741,3.3,7.2,10.5,3.7,1.8,0.8,2.8,3.3,18.8
No,E'Twaun Moore,mooreet01,2017,NBA,27,NOP,SG,73,22,1820,5.6,12.2,0.457,1.5,4.1,0.370,4.1,8.1,0.501,0.519,1.1,1.5,0.770,0.7,2.4,3.0,3.2,1.0,0.6,1.2,2.6,13.8
No,Markieff Morris,morrima02,2017,NBA,27,WAS,PF,76,76,2374,6.2,13.5,0.457,1.1,3.0,0.362,5.1,10.5,0.483,0.497,2.7,3.3,0.837,1.6,5.9,7.5,1.9,1.2,0.6,2.0,3.9,16.1
No,Marcus Morris,morrima03,2017,NBA,27,DET,SF,79,79,2565,5.9,14.1,0.418,1.7,5.0,0.331,4.3,9.1,0.466,0.477,2.0,2.6,0.784,1.1,4.1,5.1,2.2,0.7,0.4,1.2,2.4,15.5
No,Anthony Morrow,morroan01,2017,NBA,31,2TM,SG,49,7,714,4.9,12.7,0.389,2.1,6.7,0.308,2.9,6.0,0.479,0.470,1.7,1.9,0.919,0.6,1.0,1.6,1.3,1.2,0.1,0.3,2.2,13.7
No,Anthony Morrow,morroan01,2017,NBA,31,OKC,SG,40,7,627,4.9,12.8,0.386,2.0,6.8,0.294,2.9,6.0,0.490,0.464,1.3,1.5,0.885,0.6,1.0,1.7,1.1,1.3,0.1,0.3,2.3,13.2
No,Anthony Morrow,morroan01,2017,NBA,31,CHI,SG,9,0,87,5.0,12.0,0.414,2.5,5.8,0.429,2.5,6.2,0.400,0.517,4.6,4.6,1.000,0.4,0.4,0.8,2.5,0.8,0.0,0.0,1.7,17.0
No,Donatas Motiejūnas,motiedo01,2017,NBA,26,NOP,PF,34,0,479,4.3,10.4,0.413,0.8,3.5,0.234,3.5,6.8,0.505,0.453,1.9,3.7,0.510,2.0,5.6,7.6,2.4,1.4,0.8,2.3,4.1,11.3
No,Timofey Mozgov,mozgoti01,2017,NBA,30,LAL,C,54,52,1104,5.5,10.7,0.515,0.0,0.0,0.000,5.5,10.7,0.517,0.515,2.1,2.5,0.808,3.4,5.2,8.6,1.4,0.5,1.0,2.3,4.3,13.1
No,Emmanuel Mudiay,mudiaem01,2017,NBA,20,DEN,PG,55,41,1406,5.3,14.1,0.377,1.4,4.6,0.315,3.9,9.6,0.408,0.428,3.4,4.3,0.784,0.7,3.8,4.6,5.6,1.0,0.3,3.1,2.4,15.4
No,Shabazz Muhammad,muhamsh01,2017,NBA,24,MIN,SF,78,1,1516,6.8,14.2,0.482,1.2,3.4,0.338,5.7,10.8,0.528,0.523,3.5,4.5,0.774,2.0,3.2,5.2,0.8,0.5,0.1,1.3,2.0,18.3
No,Dejounte Murray,murrade01,2017,NBA,20,SAS,PG,38,8,322,5.6,13.0,0.431,1.0,2.6,0.391,4.6,10.4,0.441,0.470,2.3,3.4,0.700,0.7,4.0,4.7,5.4,0.9,0.7,4.2,3.2,14.5
No,Jamal Murray,murraja01,2017,NBA,19,DEN,SG,82,10,1764,6.0,14.9,0.404,2.3,7.0,0.334,3.7,7.9,0.466,0.483,2.2,2.4,0.883,0.8,3.5,4.4,3.5,1.0,0.5,2.3,2.5,16.6
No,Mike Muscala,muscami01,2017,NBA,25,ATL,C,70,3,1237,4.9,9.8,0.504,1.3,3.2,0.418,3.6,6.6,0.546,0.573,1.4,1.9,0.766,2.2,4.8,7.0,2.8,0.9,1.2,1.6,2.8,12.7
No,Larry Nance Jr.,nancela02,2017,NBA,24,LAL,PF,63,7,1442,4.7,9.0,0.526,0.2,0.9,0.278,4.5,8.1,0.554,0.540,1.5,2.0,0.738,3.0,6.2,9.2,2.4,2.0,1.0,1.4,3.7,11.2
No,Shabazz Napier,napiesh01,2017,NBA,25,POR,PG,53,2,512,5.1,12.9,0.399,2.4,6.5,0.370,2.7,6.4,0.429,0.492,2.7,3.4,0.776,0.6,3.7,4.3,4.7,2.3,0.1,2.9,2.7,15.3
No,Maurice Ndour,ndourma01,2017,NBA,24,NYK,PF,32,4,331,4.2,9.4,0.453,0.1,0.8,0.143,4.1,8.6,0.481,0.459,2.1,2.8,0.731,2.4,4.6,7.0,0.9,1.6,0.9,1.3,3.3,10.7
No,Gary Neal,nealga01,2017,NBA,32,ATL,SG,2,0,18,0.0,14.0,0.000,0.0,4.0,0.000,0.0,10.0,0.000,0.000,8.0,8.0,1.000,0.0,2.0,2.0,2.0,0.0,0.0,0.0,2.0,8.0
No,Jameer Nelson,nelsoja01,2017,NBA,34,DEN,PG,75,39,2045,4.7,10.6,0.444,1.9,4.8,0.388,2.9,5.8,0.489,0.531,0.8,1.1,0.714,0.5,2.9,3.4,6.8,1.0,0.1,2.3,3.5,12.1
No,Raul Neto,netora01,2017,NBA,24,UTA,PG,40,0,346,4.3,9.5,0.451,1.0,3.2,0.323,3.2,6.2,0.517,0.505,0.8,0.9,0.889,0.4,2.7,3.1,3.5,2.2,0.5,1.6,5.0,10.4
No,Georges Niang,niangge01,2017,NBA,23,IND,PF,23,0,93,3.5,13.9,0.250,0.4,4.6,0.083,3.1,9.3,0.333,0.264,0.8,0.8,1.000,0.8,5.8,6.6,1.9,1.2,0.0,1.9,2.3,8.1
No,Andrew Nicholson,nichoan01,2017,NBA,27,2TM,PF,38,0,342,4.5,11.7,0.387,0.5,2.8,0.185,4.0,8.8,0.452,0.410,0.9,1.5,0.643,1.6,4.8,6.4,1.1,1.7,0.6,1.8,5.8,10.5
No,Andrew Nicholson,nichoan01,2017,NBA,27,WAS,PF,28,0,231,4.7,12.0,0.390,0.5,2.5,0.188,4.2,9.5,0.443,0.409,1.1,1.9,0.583,1.7,3.6,5.3,1.1,1.7,0.9,1.7,5.8,10.9
No,Andrew Nicholson,nichoan01,2017,NBA,27,BRK,PF,10,0,111,4.2,11.0,0.382,0.6,3.6,0.182,3.6,7.5,0.478,0.412,0.6,0.6,1.000,1.3,7.5,8.8,1.0,1.6,0.0,1.9,5.8,9.7
No,Joakim Noah,noahjo01,2017,NBA,31,NYK,C,46,46,1015,3.5,7.2,0.490,0.0,0.0,0.000,3.5,7.1,0.493,0.490,1.2,2.8,0.436,5.7,8.5,14.3,3.7,1.1,1.3,2.1,4.5,8.2
No,Nerlens Noel,noelne01,2017,NBA,22,2TM,C,51,19,1047,6.3,10.6,0.595,0.0,0.0,0.000,6.3,10.6,0.597,0.595,2.6,3.8,0.694,3.2,6.9,10.1,1.7,2.2,1.7,1.8,4.3,15.3
No,Nerlens Noel,noelne01,2017,NBA,22,PHI,C,29,7,564,6.8,11.2,0.611,0.0,0.1,0.000,6.8,11.1,0.615,0.611,2.7,4.0,0.683,2.9,6.3,9.2,1.9,2.7,1.7,1.9,4.5,16.4
No,Nerlens Noel,noelne01,2017,NBA,22,DAL,C,22,12,483,5.7,10.0,0.575,0.0,0.0,,5.7,10.0,0.575,0.575,2.5,3.6,0.708,3.5,7.7,11.2,1.5,1.6,1.8,1.6,4.1,14.0
No,Lucas Nogueira,noguelu01,2017,NBA,24,TOR,C,57,6,1088,3.4,5.2,0.660,0.1,0.4,0.250,3.3,4.8,0.694,0.670,1.5,2.2,0.657,2.7,5.4,8.1,1.4,1.7,2.9,1.5,4.5,8.4
No,Steve Novak,novakst01,2017,NBA,33,MIL,PF,8,0,22,3.3,11.5,0.286,1.6,9.8,0.167,1.6,1.6,1.000,0.357,0.0,0.0,,0.0,4.9,4.9,0.0,0.0,0.0,0.0,1.6,8.2
No,Dirk Nowitzki,nowitdi01,2017,NBA,38,DAL,PF,54,54,1424,7.5,17.1,0.437,2.0,5.3,0.378,5.5,11.9,0.463,0.495,2.5,2.8,0.875,0.6,8.3,8.9,2.1,0.8,1.0,1.3,2.9,19.4
No,Jusuf Nurkić,nurkiju01,2017,NBA,22,2TM,C,65,48,1391,7.0,13.8,0.507,0.0,0.0,0.000,7.0,13.8,0.508,0.507,3.1,5.4,0.571,4.0,8.1,12.1,3.2,1.3,1.9,3.7,4.2,17.1
No,Jusuf Nurkić,nurkiju01,2017,NBA,22,DEN,C,45,29,807,6.7,13.3,0.507,0.0,0.0,,6.7,13.3,0.507,0.507,2.5,5.0,0.496,4.0,7.6,11.6,2.7,1.1,1.6,3.6,3.9,16.0
No,Jusuf Nurkić,nurkiju01,2017,NBA,22,POR,C,20,19,584,7.4,14.5,0.508,0.0,0.1,0.000,7.4,14.5,0.511,0.508,3.9,6.0,0.660,4.0,8.8,12.8,3.9,1.5,2.3,3.8,4.5,18.7
No,David Nwaba,nwabada01,2017,NBA,24,LAL,SG,20,2,397,4.3,7.3,0.580,0.1,0.5,0.200,4.2,6.9,0.605,0.586,2.3,3.5,0.641,1.5,4.2,5.7,1.3,1.2,0.6,1.0,3.3,10.9
No,Johnny O'Bryant,obryajo01,2017,NBA,23,2TM,PF,11,0,80,6.8,13.5,0.500,1.4,2.7,0.500,5.4,10.8,0.500,0.550,2.3,2.7,0.833,4.1,4.5,8.6,2.7,0.0,0.5,2.7,4.5,17.1
No,Johnny O'Bryant,obryajo01,2017,NBA,23,DEN,PF,7,0,46,5.5,11.7,0.467,1.6,2.3,0.667,3.9,9.4,0.417,0.533,3.1,3.1,1.000,3.9,4.7,8.6,1.6,0.0,0.8,2.3,3.1,15.7
No,Johnny O'Bryant,obryajo01,2017,NBA,23,CHO,PF,4,0,34,8.5,15.9,0.533,1.1,3.2,0.333,7.4,12.7,0.583,0.567,1.1,2.1,0.500,4.2,4.2,8.5,4.2,0.0,0.0,3.2,6.4,19.1
No,Daniel Ochefu,ochefda01,2017,NBA,23,WAS,C,19,0,75,5.8,13.0,0.444,0.0,0.0,,5.8,13.0,0.444,0.444,0.0,1.0,0.000,2.4,8.2,10.6,1.4,1.0,0.0,1.4,8.2,11.5
No,Jahlil Okafor,okafoja01,2017,NBA,21,PHI,C,50,33,1134,7.7,15.0,0.514,0.0,0.0,,7.7,15.0,0.514,0.514,3.4,5.0,0.671,2.6,5.0,7.6,1.8,0.6,1.6,2.9,3.9,18.7
No,Victor Oladipo,oladivi01,2017,NBA,24,OKC,SG,67,67,2222,6.7,15.1,0.442,2.1,5.7,0.361,4.6,9.4,0.491,0.510,1.9,2.5,0.753,0.6,4.1,4.7,2.9,1.3,0.3,1.9,2.5,17.3
No,Kelly Olynyk,olynyke01,2017,NBA,25,BOS,C,75,6,1538,6.1,11.9,0.512,1.6,4.5,0.354,4.5,7.4,0.608,0.579,2.1,2.9,0.732,1.7,6.7,8.4,3.5,1.0,0.7,2.2,4.8,15.9
No,Arinze Onuaku,onuakar01,2017,NBA,29,ORL,C,8,0,28,2.6,5.1,0.500,0.0,0.0,,2.6,5.1,0.500,0.500,0.0,0.0,,2.6,5.1,7.7,2.6,0.0,1.3,2.6,3.9,5.1
No,Chinanu Onuaku,onuakch01,2017,NBA,20,HOU,C,5,1,52,3.5,4.8,0.714,0.0,0.0,,3.5,4.8,0.714,0.714,2.8,2.8,1.000,1.4,5.5,6.9,2.1,2.1,0.7,2.8,4.2,9.7
No,Kyle O'Quinn,oquinky01,2017,NBA,26,NYK,C,79,8,1229,6.3,12.1,0.521,0.1,0.5,0.118,6.2,11.6,0.538,0.523,1.9,2.4,0.771,4.6,8.3,12.9,3.4,1.1,3.0,2.2,5.1,14.5
No,Kelly Oubre Jr.,oubreke01,2017,NBA,21,WAS,SF,79,5,1605,4.2,9.9,0.421,1.2,4.2,0.287,3.0,5.7,0.520,0.482,1.7,2.2,0.758,1.4,4.5,5.9,1.1,1.3,0.4,1.1,4.4,11.2
No,Zaza Pachulia,pachuza01,2017,NBA,32,GSW,C,70,70,1268,4.7,8.7,0.534,0.0,0.1,0.000,4.7,8.7,0.538,0.534,2.8,3.6,0.778,4.0,7.7,11.6,3.7,1.7,0.9,2.5,4.7,12.1
No,Georgios Papagiannis,papagge01,2017,NBA,19,SAC,C,22,0,355,5.7,10.3,0.549,0.0,0.2,0.000,5.7,10.1,0.560,0.549,1.2,1.4,0.857,2.4,6.3,8.7,2.0,0.3,1.7,2.4,4.5,12.6
No,Jabari Parker,parkeja01,2017,NBA,21,MIL,PF,51,50,1728,8.3,17.0,0.490,1.4,3.7,0.365,7.0,13.2,0.525,0.530,3.4,4.5,0.743,1.6,4.9,6.5,3.0,1.0,0.5,1.9,2.3,21.4
No,Tony Parker,parketo01,2017,NBA,34,SAS,PG,63,63,1587,6.0,12.9,0.466,0.5,1.6,0.333,5.5,11.3,0.484,0.486,1.9,2.7,0.726,0.2,2.4,2.6,6.5,0.8,0.0,2.0,2.1,14.5
No,Chandler Parsons,parsoch01,2017,NBA,28,MEM,SF,34,34,675,4.0,11.8,0.338,1.3,5.0,0.269,2.7,6.9,0.388,0.394,1.9,2.3,0.814,0.3,4.2,4.5,2.9,1.1,0.3,1.3,2.8,11.2
No,Lamar Patterson,pattela01,2017,NBA,25,ATL,SG,5,0,40,2.7,13.5,0.200,0.9,5.4,0.167,1.8,8.1,0.222,0.233,1.8,2.7,0.667,0.9,5.4,6.3,5.4,0.9,0.0,3.6,5.4,8.1
No,Patrick Patterson,pattepa01,2017,NBA,27,TOR,PF,65,8,1599,3.5,8.6,0.401,2.1,5.7,0.372,1.4,2.9,0.458,0.523,1.0,1.4,0.717,1.4,5.2,6.6,1.7,0.9,0.5,0.9,2.7,10.0
No,Chris Paul,paulch01,2017,NBA,31,LAC,PG,61,61,1921,7.0,14.7,0.476,2.3,5.7,0.411,4.7,9.1,0.518,0.555,4.3,4.9,0.892,0.7,4.9,5.7,10.6,2.2,0.1,2.8,2.7,20.7
No,Adreian Payne,paynead01,2017,NBA,25,MIN,PF,18,0,135,6.1,14.4,0.426,0.8,4.0,0.200,5.3,10.4,0.513,0.454,3.7,5.1,0.737,2.4,6.4,8.8,1.9,2.1,1.9,2.1,8.5,16.8
No,Cameron Payne,payneca01,2017,NBA,22,2TM,PG,31,0,462,5.0,15.0,0.332,2.1,6.7,0.314,2.9,8.3,0.346,0.402,0.4,0.6,0.625,0.2,3.5,3.7,4.3,1.1,0.3,2.3,4.1,12.5
No,Cameron Payne,payneca01,2017,NBA,22,OKC,PG,20,0,320,4.8,14.6,0.331,1.8,5.9,0.308,3.0,8.8,0.346,0.392,0.5,0.5,1.000,0.2,3.3,3.5,4.5,1.1,0.5,1.8,4.3,11.9
No,Cameron Payne,payneca01,2017,NBA,22,CHI,PG,11,0,142,5.3,16.0,0.333,2.8,8.6,0.324,2.5,7.4,0.345,0.421,0.3,1.0,0.250,0.3,4.1,4.3,3.8,1.0,0.0,3.3,3.5,13.7
No,Elfrid Payton,paytoel01,2017,NBA,22,ORL,PG,82,58,2412,6.4,13.6,0.471,0.6,2.2,0.274,5.8,11.4,0.509,0.493,2.2,3.1,0.692,1.3,4.4,5.8,7.9,1.3,0.6,2.7,2.6,15.6
No,Gary Payton II,paytoga02,2017,NBA,24,MIL,PG,6,0,99,2.9,8.0,0.364,0.4,3.3,0.111,2.5,4.7,0.538,0.386,1.1,1.8,0.600,0.0,4.4,4.4,4.7,1.1,1.5,3.6,3.3,7.3
No,Paul Pierce,piercpa01,2017,NBA,39,LAC,SF,25,7,277,3.6,9.1,0.400,1.9,5.6,0.349,1.7,3.5,0.481,0.507,1.3,1.7,0.769,0.1,6.1,6.2,1.3,0.5,0.6,2.1,5.2,10.5
No,Mason Plumlee,plumlma01,2017,NBA,26,2TM,C,81,64,2148,5.6,10.4,0.536,0.0,0.1,0.000,5.6,10.3,0.541,0.536,2.9,5.0,0.580,2.8,7.3,10.1,4.8,1.2,1.5,2.2,3.8,14.1
No,Mason Plumlee,plumlma01,2017,NBA,26,POR,C,54,54,1516,5.6,10.5,0.532,0.0,0.1,0.000,5.6,10.4,0.538,0.532,3.0,5.3,0.567,2.8,7.4,10.3,5.1,1.2,1.5,2.1,3.5,14.2
No,Mason Plumlee,plumlma01,2017,NBA,26,DEN,C,27,10,632,5.6,10.3,0.547,0.0,0.1,0.000,5.6,10.3,0.550,0.547,2.7,4.3,0.618,2.8,7.0,9.9,4.0,1.1,1.7,2.6,4.4,14.0
No,Marshall Plumlee,plumlma02,2017,NBA,24,NYK,C,21,1,170,3.4,6.4,0.533,0.0,0.0,,3.4,6.4,0.533,0.533,1.7,4.0,0.421,4.9,5.9,10.8,2.1,0.8,0.8,2.5,4.9,8.5
No,Miles Plumlee,plumlmi01,2017,NBA,28,2TM,C,45,12,484,3.3,6.8,0.478,0.0,0.0,,3.3,6.8,0.478,0.478,1.9,2.9,0.641,2.8,4.2,7.1,1.6,1.3,1.0,2.2,5.4,8.4
No,Miles Plumlee,plumlmi01,2017,NBA,28,MIL,C,32,12,310,3.5,7.9,0.441,0.0,0.0,,3.5,7.9,0.441,0.441,2.6,4.1,0.629,2.7,3.5,6.2,2.1,1.3,1.0,2.6,5.6,9.5
No,Miles Plumlee,plumlmi01,2017,NBA,28,CHO,C,13,0,174,2.9,5.0,0.583,0.0,0.0,,2.9,5.0,0.583,0.583,0.6,0.8,0.750,3.1,5.6,8.7,0.6,1.4,0.8,1.7,5.2,6.4
No,Jakob Poeltl,poeltja01,2017,NBA,21,TOR,C,54,4,626,3.9,6.6,0.583,0.0,0.0,,3.9,6.6,0.583,0.583,1.8,3.3,0.544,4.5,5.0,9.5,0.7,1.0,1.2,1.7,6.5,9.5
No,Otto Porter Jr.,porteot01,2017,NBA,23,WAS,SF,80,80,2605,5.7,11.1,0.516,2.0,4.7,0.434,3.7,6.4,0.576,0.608,1.4,1.6,0.832,1.6,5.5,7.1,1.7,1.6,0.6,0.6,2.7,14.9
No,Bobby Portis,portibo01,2017,NBA,21,CHI,PF,64,13,1000,6.6,13.5,0.488,1.2,3.5,0.333,5.4,10.0,0.541,0.531,1.4,2.1,0.661,2.7,8.0,10.7,1.3,0.6,0.4,1.3,3.4,15.7
No,Kristaps Porziņģis,porzikr01,2017,NBA,21,NYK,PF,66,65,2164,7.4,16.4,0.450,1.9,5.2,0.357,5.5,11.2,0.493,0.507,3.3,4.2,0.786,1.8,6.1,7.9,1.6,0.8,2.1,2.0,4.1,19.9
No,Dwight Powell,poweldw01,2017,NBA,25,DAL,C,77,3,1333,5.2,10.2,0.515,0.6,2.0,0.284,4.7,8.2,0.571,0.542,2.9,3.8,0.759,2.5,5.8,8.3,1.3,1.6,1.1,0.9,3.6,13.9
No,Norman Powell,powelno01,2017,NBA,23,TOR,SG,76,18,1368,6.0,13.3,0.449,1.5,4.6,0.324,4.5,8.8,0.514,0.504,3.3,4.2,0.792,0.7,3.8,4.4,2.2,1.4,0.4,1.8,3.3,16.7
No,Alex Poythress,poythal01,2017,NBA,23,PHI,PF,6,1,157,5.7,12.4,0.463,1.4,4.4,0.316,4.4,8.0,0.543,0.519,1.8,2.3,0.800,2.5,4.1,6.6,1.1,0.7,0.5,0.7,3.2,14.7
No,Ronnie Price,pricero01,2017,NBA,33,PHO,PG,14,0,134,1.1,6.4,0.167,0.8,4.6,0.176,0.3,1.9,0.143,0.229,0.8,1.1,0.750,0.8,2.1,3.0,4.8,3.0,0.3,0.8,3.8,3.8
No,Taurean Prince,princta02,2017,NBA,22,ATL,SF,59,10,981,4.2,10.5,0.400,1.2,3.7,0.324,3.0,6.7,0.443,0.458,2.7,3.4,0.787,0.9,4.8,5.8,2.0,1.6,1.0,2.2,3.5,12.3
No,Tim Quarterman,quartti01,2017,NBA,22,POR,SG,16,0,80,5.9,13.1,0.448,2.3,5.9,0.385,3.6,7.2,0.500,0.534,0.0,1.4,0.000,1.8,4.5,6.3,5.0,0.9,1.4,5.0,2.7,14.0
No,Chasson Randle,randlch01,2017,NBA,23,2TM,PG,26,0,299,4.8,11.8,0.408,1.9,5.7,0.340,2.9,6.1,0.471,0.490,4.9,5.2,0.953,0.7,3.1,3.9,4.1,1.1,0.2,2.3,4.7,16.5
No,Chasson Randle,randlch01,2017,NBA,23,PHI,PG,8,0,74,5.8,12.6,0.462,2.9,7.3,0.400,2.9,5.4,0.545,0.577,5.8,5.8,1.000,0.0,2.4,2.4,2.9,1.5,0.5,1.5,5.4,20.4
No,Chasson Randle,randlch01,2017,NBA,23,NYK,PG,18,0,225,4.5,11.5,0.389,1.6,5.1,0.313,2.9,6.4,0.450,0.458,4.6,5.0,0.935,1.0,3.4,4.3,4.5,1.0,0.2,2.6,4.5,15.2
No,Julius Randle,randlju01,2017,NBA,22,LAL,PF,74,73,2132,6.4,13.1,0.488,0.3,1.1,0.270,6.1,12.0,0.507,0.499,3.4,4.8,0.723,2.5,8.2,10.7,4.5,0.8,0.6,2.9,4.2,16.5
No,Zach Randolph,randoza01,2017,NBA,35,MEM,PF,73,5,1786,8.7,19.4,0.449,0.4,1.9,0.223,8.3,17.5,0.474,0.460,2.8,3.9,0.731,3.7,8.4,12.1,2.5,0.8,0.2,2.0,2.7,20.7
No,JJ Redick,redicjj01,2017,NBA,32,LAC,SG,78,78,2198,6.5,14.6,0.445,3.3,7.7,0.429,3.2,6.9,0.462,0.558,2.9,3.3,0.891,0.2,2.6,2.8,1.8,0.9,0.2,1.6,2.0,19.2
No,Willie Reed,reedwi02,2017,NBA,26,MIA,C,71,5,1031,5.7,10.0,0.568,0.0,0.1,0.250,5.6,9.8,0.573,0.570,1.7,3.1,0.557,4.5,7.1,11.6,0.9,0.6,1.6,1.1,4.8,13.1
No,Josh Richardson,richajo01,2017,NBA,23,MIA,SG,53,34,1614,4.5,11.4,0.394,1.7,5.1,0.330,2.8,6.4,0.444,0.467,1.3,1.7,0.779,0.8,3.0,3.7,3.1,1.3,0.9,1.4,2.9,12.0
No,Malachi Richardson,richama01,2017,NBA,21,SAC,SG,22,0,198,5.1,12.4,0.412,1.5,5.1,0.286,3.6,7.3,0.500,0.471,2.7,3.5,0.789,0.5,3.6,4.2,2.0,0.9,0.2,1.5,4.2,14.4
No,Austin Rivers,riverau01,2017,NBA,24,LAC,SG,74,29,2054,5.7,12.8,0.442,1.9,5.2,0.371,3.7,7.6,0.491,0.518,2.3,3.3,0.691,0.4,2.5,2.8,3.6,0.8,0.2,2.0,3.3,15.6
No,Andre Roberson,roberan03,2017,NBA,25,OKC,SF,79,79,2376,3.3,7.0,0.464,0.7,2.8,0.245,2.6,4.2,0.609,0.513,0.7,1.7,0.423,1.5,4.6,6.1,1.2,1.4,1.2,0.8,3.1,7.9
No,Brian Roberts,roberbr01,2017,NBA,31,CHO,PG,41,2,416,4.0,10.6,0.377,1.5,3.8,0.386,2.5,6.8,0.372,0.447,2.9,3.4,0.846,0.4,2.9,3.4,4.5,0.8,0.1,2.3,1.6,12.3
No,Glenn Robinson III,robingl02,2017,NBA,23,IND,SF,69,27,1427,4.0,8.5,0.467,1.2,3.2,0.392,2.7,5.4,0.512,0.540,1.4,1.9,0.711,1.4,4.8,6.2,1.2,1.0,0.5,0.9,1.6,10.6
No,Thomas Robinson,robinth01,2017,NBA,25,LAL,PF,48,1,560,6.8,12.6,0.536,0.0,0.1,0.000,6.8,12.5,0.538,0.536,2.0,4.2,0.470,5.4,8.9,14.3,2.0,1.7,0.6,3.0,4.9,15.5
No,Sergio Rodríguez,rodrise01,2017,NBA,30,PHI,PG,68,30,1518,5.0,12.7,0.392,2.2,6.0,0.365,2.8,6.7,0.415,0.478,0.4,0.6,0.667,0.5,3.2,3.7,8.2,1.2,0.1,3.0,2.3,12.6
No,Rajon Rondo,rondora01,2017,NBA,30,CHI,PG,69,42,1843,4.5,11.0,0.408,1.0,2.6,0.376,3.5,8.4,0.418,0.453,0.6,1.0,0.600,1.4,5.5,6.9,9.0,1.9,0.2,3.3,2.8,10.5
No,Derrick Rose,rosede01,2017,NBA,28,NYK,PG,64,64,2082,8.0,16.9,0.471,0.2,1.0,0.217,7.7,15.9,0.487,0.477,3.8,4.4,0.874,1.1,3.1,4.3,4.9,0.8,0.3,2.5,1.5,20.0
No,Terrence Ross,rosste01,2017,NBA,25,2TM,SF,78,24,1955,6.0,13.7,0.437,2.6,7.2,0.363,3.4,6.5,0.518,0.532,1.2,1.4,0.831,0.3,3.5,3.8,1.6,1.6,0.6,1.3,2.6,15.8
No,Terrence Ross,rosste01,2017,NBA,25,TOR,SF,54,0,1207,6.3,14.3,0.441,2.9,7.6,0.375,3.4,6.7,0.516,0.541,1.2,1.5,0.820,0.4,3.7,4.1,1.3,1.6,0.6,1.0,2.4,16.7
No,Terrence Ross,rosste01,2017,NBA,25,ORL,SF,24,24,748,5.5,12.9,0.431,2.2,6.5,0.341,3.3,6.4,0.523,0.517,1.1,1.3,0.852,0.2,3.1,3.3,2.1,1.6,0.6,1.7,2.9,14.4
No,Terry Rozier,roziete01,2017,NBA,22,BOS,PG,74,0,1263,4.3,11.7,0.367,1.6,5.1,0.318,2.7,6.6,0.405,0.437,1.5,1.9,0.773,1.1,5.3,6.5,3.7,1.3,0.3,1.3,2.0,11.7
No,Ricky Rubio,rubiori01,2017,NBA,26,MIN,PG,75,75,2469,3.8,9.5,0.402,0.9,2.9,0.306,2.9,6.6,0.443,0.448,3.7,4.2,0.891,1.0,3.5,4.4,9.9,1.9,0.1,2.8,2.9,12.2
No,Damjan Rudež,rudezda01,2017,NBA,30,ORL,SF,45,0,314,3.6,10.1,0.352,2.3,7.3,0.313,1.3,2.8,0.458,0.466,0.0,0.0,,0.6,2.3,2.9,2.3,1.4,0.1,1.0,3.6,9.4
No,Brandon Rush,rushbr01,2017,NBA,31,MIN,SG,47,33,1030,2.4,6.5,0.374,1.5,4.0,0.386,0.9,2.6,0.356,0.492,0.5,0.6,0.722,0.6,2.9,3.5,1.6,0.8,0.8,1.0,1.5,6.9
No,D'Angelo Russell,russeda01,2017,NBA,20,LAL,PG,63,60,1811,7.0,17.2,0.405,2.7,7.6,0.352,4.3,9.6,0.447,0.483,2.9,3.7,0.782,0.6,3.8,4.4,6.0,1.7,0.3,3.5,2.6,19.6
No,Domantas Sabonis,sabondo01,2017,NBA,20,OKC,PF,81,66,1632,4.2,10.6,0.399,1.1,3.5,0.321,3.1,7.1,0.438,0.452,1.0,1.5,0.657,1.0,5.3,6.4,1.8,0.9,0.7,1.8,4.4,10.6
No,Larry Sanders,sandela01,2017,NBA,28,CLE,C,5,0,13,2.8,11.1,0.250,0.0,0.0,,2.8,11.1,0.250,0.250,5.5,5.5,1.000,8.3,2.8,11.1,0.0,2.8,2.8,5.5,13.8,11.1
No,Dario Šarić,saricda01,2017,NBA,22,PHI,PF,81,36,2129,6.4,15.7,0.411,1.8,5.8,0.311,4.7,9.9,0.469,0.468,2.9,3.7,0.782,1.9,6.8,8.7,3.1,1.0,0.5,3.1,2.7,17.6
No,Tomáš Satoranský,satorto01,2017,NBA,25,WAS,SG,57,3,719,3.1,7.4,0.415,0.5,1.9,0.243,2.6,5.5,0.473,0.446,1.2,1.7,0.697,1.3,2.9,4.2,4.6,1.3,0.3,1.9,3.0,7.7
No,Dennis Schröder,schrode01,2017,NBA,23,ATL,PG,79,78,2485,7.9,17.6,0.451,1.4,4.3,0.340,6.5,13.3,0.487,0.493,3.2,3.7,0.855,0.6,3.0,3.6,7.2,1.1,0.2,3.7,2.2,20.5
No,Luis Scola,scolalu01,2017,NBA,36,BRK,PF,36,1,461,5.5,11.8,0.470,1.3,3.9,0.340,4.2,7.9,0.535,0.526,2.0,2.9,0.676,4.0,6.9,10.9,2.9,1.1,0.3,2.7,4.9,14.4
No,Mike Scott,scottmi01,2017,NBA,28,ATL,PF,18,0,195,3.1,10.9,0.288,0.7,5.0,0.148,2.4,5.9,0.406,0.322,1.3,1.5,0.875,1.8,5.0,6.8,3.1,0.7,0.6,1.5,2.2,8.3
No,Thabo Sefolosha,sefolth01,2017,NBA,32,ATL,SF,62,42,1596,3.9,8.9,0.441,0.9,2.7,0.342,3.0,6.2,0.484,0.492,1.2,1.7,0.733,1.2,4.9,6.1,2.4,2.2,0.7,1.3,2.2,10.0
No,Wayne Selden,seldewa01,2017,NBA,22,2TM,SG,14,5,236,3.8,8.8,0.431,1.1,4.3,0.250,2.7,4.6,0.600,0.491,2.1,3.4,0.636,0.2,2.3,2.4,2.0,0.9,0.2,1.8,2.7,10.8
No,Wayne Selden,seldewa01,2017,NBA,22,NOP,SG,3,3,47,3.8,6.1,0.625,3.1,5.4,0.571,0.8,0.8,1.000,0.875,1.5,3.1,0.500,0.0,3.8,3.8,0.8,1.5,0.0,2.3,4.6,12.3
No,Wayne Selden,seldewa01,2017,NBA,22,MEM,SG,11,2,189,3.8,9.5,0.400,0.6,4.0,0.143,3.2,5.5,0.586,0.430,2.3,3.4,0.667,0.2,1.9,2.1,2.3,0.8,0.2,1.7,2.3,10.5
No,Kevin Séraphin,serapke01,2017,NBA,27,IND,PF,49,3,559,7.0,12.8,0.551,0.0,0.1,0.000,7.0,12.6,0.556,0.551,0.9,1.4,0.636,2.6,6.5,9.1,1.5,0.5,1.3,1.9,4.3,14.9
No,Ramon Sessions,sessira01,2017,NBA,30,CHO,PG,50,1,811,4.4,11.7,0.380,0.9,2.8,0.339,3.5,8.9,0.393,0.420,4.0,5.2,0.771,0.5,2.8,3.2,5.7,1.2,0.1,2.0,1.9,13.8
No,Iman Shumpert,shumpim01,2017,NBA,26,CLE,SG,76,31,1937,3.7,9.1,0.411,1.7,4.9,0.360,2.0,4.2,0.469,0.507,1.3,1.7,0.789,0.7,3.3,4.1,2.0,1.2,0.5,1.4,2.8,10.5
No,Pascal Siakam,siakapa01,2017,NBA,22,TOR,PF,55,38,859,4.3,8.6,0.502,0.0,0.3,0.143,4.3,8.3,0.515,0.505,0.9,1.3,0.688,2.7,5.1,7.8,0.7,1.1,1.9,1.4,4.6,9.6
No,Jonathon Simmons,simmojo02,2017,NBA,27,SAS,SG,78,8,1392,4.6,10.9,0.420,0.8,2.6,0.294,3.8,8.2,0.461,0.456,2.6,3.4,0.750,0.5,3.6,4.1,3.3,1.2,0.6,2.0,3.8,12.5
No,Kyle Singler,singlky01,2017,NBA,28,OKC,SF,32,2,385,3.2,7.8,0.410,0.7,3.5,0.189,2.5,4.3,0.587,0.452,1.2,1.6,0.765,0.7,3.7,4.5,0.8,0.7,0.5,1.0,2.7,8.2
No,Marcus Smart,smartma01,2017,NBA,22,BOS,SG,79,24,2399,4.0,11.2,0.359,1.4,5.0,0.283,2.6,6.3,0.420,0.422,3.0,3.8,0.812,1.2,3.4,4.6,5.5,1.9,0.5,2.4,2.9,12.5
No,Ish Smith,smithis01,2017,NBA,28,DET,PG,81,32,1955,6.1,13.8,0.439,0.5,1.9,0.267,5.5,11.9,0.467,0.458,1.3,1.9,0.706,0.4,3.9,4.3,7.7,1.1,0.6,2.1,2.3,14.0
No,Jason Smith,smithja02,2017,NBA,30,WAS,C,74,3,1068,5.9,11.1,0.529,1.2,2.6,0.474,4.6,8.5,0.546,0.585,1.2,1.7,0.686,2.2,6.5,8.7,1.2,0.7,1.8,2.0,5.7,14.2
No,J.R. Smith,smithjr01,2017,NBA,31,CLE,SG,41,35,1187,3.7,10.8,0.346,2.9,8.2,0.351,0.8,2.6,0.329,0.479,0.3,0.5,0.667,0.5,2.9,3.4,1.9,1.2,0.3,0.8,2.3,10.6
No,Tony Snell,snellto01,2017,NBA,25,MIL,SG,80,80,2336,3.8,8.3,0.455,2.2,5.5,0.406,1.6,2.9,0.548,0.588,0.7,0.9,0.810,0.3,3.5,3.8,1.5,0.8,0.2,0.8,1.9,10.5
No,Marreese Speights,speigma01,2017,NBA,29,LAC,C,82,2,1286,6.8,15.3,0.445,2.9,7.8,0.372,3.9,7.6,0.520,0.539,3.4,3.8,0.876,2.5,8.0,10.4,1.8,0.6,1.1,1.9,6.4,19.9
No,Tiago Splitter,splitti01,2017,NBA,32,PHI,C,8,0,76,6.6,14.7,0.452,0.9,2.8,0.333,5.7,11.8,0.480,0.484,4.3,5.2,0.818,3.8,6.6,10.4,1.9,0.5,0.5,2.8,3.8,18.5
No,Nik Stauskas,stausni01,2017,NBA,23,PHI,SG,80,27,2188,4.1,10.4,0.396,2.2,5.9,0.368,2.0,4.5,0.433,0.500,2.0,2.5,0.813,0.3,3.4,3.7,3.1,0.7,0.5,2.1,2.4,12.4
No,Lance Stephenson,stephla01,2017,NBA,26,3TM,SG,18,0,361,5.4,12.0,0.450,0.6,2.0,0.300,4.8,10.0,0.480,0.475,0.8,1.3,0.615,0.4,4.8,5.2,5.9,0.5,0.3,2.6,3.2,12.2
No,Lance Stephenson,stephla01,2017,NBA,26,NOP,SG,6,0,162,5.8,12.2,0.473,0.2,2.2,0.100,5.6,10.0,0.556,0.482,1.1,1.8,0.625,0.7,3.3,4.0,6.4,0.4,0.2,2.4,4.0,12.9
No,Lance Stephenson,stephla01,2017,NBA,26,MIN,SG,6,0,67,5.4,11.3,0.476,0.0,1.1,0.000,5.4,10.2,0.526,0.476,0.5,1.1,0.500,0.0,5.4,5.4,2.7,0.0,0.0,2.1,1.1,11.3
No,Lance Stephenson,stephla01,2017,NBA,26,IND,SG,6,0,132,4.9,12.0,0.409,1.4,2.2,0.625,3.5,9.8,0.361,0.466,0.5,0.8,0.667,0.3,6.3,6.5,6.8,0.8,0.5,3.0,3.3,11.7
No,Jarnell Stokes,stokeja01,2017,NBA,23,DEN,C,2,0,7,5.1,5.1,1.000,0.0,0.0,,5.1,5.1,1.000,1.000,5.1,10.3,0.500,5.1,5.1,10.3,10.3,5.1,0.0,0.0,15.4,15.4
No,Diamond Stone,stonedi01,2017,NBA,19,LAC,C,7,0,24,4.5,19.5,0.231,0.0,0.0,,4.5,19.5,0.231,0.231,6.0,6.0,1.000,1.5,7.5,9.0,0.0,0.0,1.5,3.0,7.5,15.0
No,Rodney Stuckey,stuckro01,2017,NBA,30,IND,PG,39,0,696,4.7,12.6,0.373,1.0,3.1,0.317,3.7,9.5,0.391,0.412,4.1,5.5,0.748,0.3,4.0,4.3,4.3,0.8,0.0,2.7,2.3,14.5
No,Jared Sullinger,sullija01,2017,NBA,24,TOR,PF,11,1,118,4.6,14.3,0.319,0.9,5.5,0.167,3.7,8.8,0.414,0.351,1.2,2.4,0.500,3.1,5.2,8.2,0.9,1.2,0.3,1.2,5.2,11.3
No,Edy Tavares,tavarwa01,2017,NBA,24,2TM,C,2,0,28,5.1,6.4,0.800,0.0,0.0,,5.1,6.4,0.800,0.800,0.0,3.9,0.000,5.1,9.0,14.1,1.3,0.0,7.7,2.6,3.9,10.3
No,Edy Tavares,tavarwa01,2017,NBA,24,ATL,C,1,0,4,9.0,9.0,1.000,0.0,0.0,,9.0,9.0,1.000,1.000,0.0,18.0,0.000,0.0,9.0,9.0,0.0,0.0,0.0,0.0,0.0,18.0
No,Edy Tavares,tavarwa01,2017,NBA,24,CLE,C,1,0,24,4.5,6.0,0.750,0.0,0.0,,4.5,6.0,0.750,0.750,0.0,1.5,0.000,6.0,9.0,15.0,1.5,0.0,9.0,3.0,4.5,9.0
No,Isaiah Taylor,taylois01,2017,NBA,22,HOU,PG,4,0,52,0.7,4.8,0.143,0.0,1.4,0.000,0.7,3.5,0.200,0.143,0.7,1.4,0.500,0.7,1.4,2.1,2.1,0.7,0.7,0.0,4.2,2.1
No,Jeff Teague,teaguje01,2017,NBA,28,IND,PG,82,82,2657,5.4,12.3,0.442,1.2,3.4,0.357,4.2,8.9,0.475,0.492,4.9,5.6,0.867,0.4,4.0,4.5,8.7,1.4,0.4,2.9,2.2,17.0
No,Mirza Teletović,teletmi01,2017,NBA,31,MIL,PF,70,2,1133,5.0,13.3,0.373,3.3,9.7,0.341,1.7,3.6,0.460,0.498,1.1,1.4,0.778,0.3,4.8,5.1,1.5,0.4,0.4,1.2,3.5,14.3
No,Garrett Temple,templga01,2017,NBA,30,SAC,SG,65,20,1728,3.8,9.0,0.424,1.7,4.6,0.373,2.1,4.4,0.476,0.519,1.2,1.5,0.784,0.7,3.2,3.8,3.5,1.7,0.6,1.6,2.9,10.5
No,Jason Terry,terryja01,2017,NBA,39,MIL,SG,74,0,1365,2.8,6.4,0.432,1.9,4.5,0.427,0.8,1.9,0.444,0.582,0.6,0.8,0.828,0.4,2.4,2.8,2.6,1.2,0.5,0.9,2.5,8.1
No,Isaiah Thomas,thomais02,2017,NBA,27,BOS,PG,76,76,2569,9.6,20.6,0.463,3.4,9.1,0.379,6.1,11.6,0.528,0.546,8.3,9.1,0.909,0.6,2.3,2.9,6.3,1.0,0.2,2.9,2.3,30.8
No,Lance Thomas,thomala01,2017,NBA,28,NYK,PF,46,15,968,3.6,9.1,0.398,1.4,3.2,0.447,2.2,5.9,0.371,0.475,1.6,1.9,0.843,1.2,4.1,5.3,1.3,0.8,0.2,0.9,3.2,10.2
No,Hollis Thompson,thompho01,2017,NBA,25,2TM,SG,40,9,752,3.7,9.6,0.385,1.5,4.5,0.337,2.2,5.0,0.429,0.465,0.9,1.4,0.655,0.9,4.5,5.4,1.7,1.0,0.3,0.5,3.3,9.8
No,Hollis Thompson,thompho01,2017,NBA,25,PHI,SG,31,1,561,4.2,10.2,0.415,1.7,4.6,0.366,2.6,5.6,0.455,0.497,0.8,1.3,0.650,1.0,4.4,5.4,1.7,0.9,0.4,0.6,3.5,11.0
No,Hollis Thompson,thompho01,2017,NBA,25,NOP,SG,9,8,191,2.1,7.7,0.268,1.1,4.5,0.250,0.9,3.2,0.294,0.341,1.1,1.7,0.667,0.8,4.5,5.3,1.7,1.1,0.0,0.4,2.6,6.4
No,Klay Thompson,thompkl01,2017,NBA,26,GSW,SG,78,78,2649,8.8,18.7,0.468,3.6,8.8,0.414,5.1,9.9,0.516,0.565,2.5,3.0,0.853,0.7,3.2,3.9,2.2,0.9,0.5,1.7,1.9,23.7
No,Tristan Thompson,thomptr01,2017,NBA,25,CLE,C,78,78,2336,4.0,6.7,0.600,0.0,0.0,0.000,4.0,6.7,0.604,0.600,1.6,3.3,0.498,4.4,6.6,11.0,1.2,0.6,1.3,1.0,2.7,9.7
No,Marcus Thornton,thornma01,2017,NBA,29,WAS,SG,33,1,575,5.3,13.1,0.400,1.8,5.0,0.350,3.5,8.1,0.431,0.467,1.4,1.7,0.852,1.4,3.4,4.8,2.6,1.2,0.2,1.6,3.0,13.7
No,Mike Tobey,tobeymi01,2017,NBA,22,CHO,C,2,0,25,1.4,5.8,0.250,0.0,0.0,,1.4,5.8,0.250,0.250,0.0,0.0,,2.9,1.4,4.3,1.4,0.0,0.0,1.4,2.9,2.9
No,Anthony Tolliver,tollian01,2017,NBA,31,SAC,PF,65,9,1477,3.8,8.6,0.442,2.2,5.6,0.391,1.6,2.9,0.537,0.570,1.5,2.0,0.744,1.2,4.5,5.8,1.9,0.8,0.5,1.4,2.7,11.2
No,Axel Toupane,toupaax01,2017,NBA,24,2TM,SF,4,0,47,3.8,6.9,0.556,0.8,3.1,0.250,3.1,3.8,0.800,0.611,0.0,0.0,,0.0,0.8,0.8,0.0,0.8,0.8,0.0,4.6,8.4
No,Axel Toupane,toupaax01,2017,NBA,24,MIL,SF,2,0,6,0.0,6.0,0.000,0.0,6.0,0.000,0.0,0.0,,0.000,0.0,0.0,,0.0,0.0,0.0,0.0,0.0,0.0,0.0,6.0,0.0
No,Axel Toupane,toupaax01,2017,NBA,24,NOP,SF,2,0,41,4.4,7.0,0.625,0.9,2.6,0.333,3.5,4.4,0.800,0.688,0.0,0.0,,0.0,0.9,0.9,0.0,0.9,0.9,0.0,4.4,9.7
No,Karl-Anthony Towns,townska01,2017,NBA,21,MIN,C,82,82,3030,9.5,17.6,0.542,1.2,3.3,0.367,8.3,14.3,0.582,0.576,4.2,5.1,0.832,3.5,8.4,12.0,2.6,0.7,1.2,2.5,2.9,24.5
No,P.J. Tucker,tuckepj01,2017,NBA,31,2TM,SF,81,21,2236,3.2,7.8,0.413,1.1,3.2,0.357,2.1,4.6,0.451,0.485,1.2,1.5,0.774,1.9,5.7,7.6,1.6,1.9,0.3,1.1,3.2,8.7
No,P.J. Tucker,tuckepj01,2017,NBA,31,PHO,SF,57,17,1627,3.3,7.8,0.415,1.0,3.0,0.338,2.2,4.8,0.463,0.480,1.3,1.7,0.792,2.1,5.5,7.6,1.6,1.9,0.3,1.2,3.2,8.9
No,P.J. Tucker,tuckepj01,2017,NBA,31,TOR,SF,24,4,609,3.1,7.6,0.406,1.4,3.5,0.400,1.7,4.0,0.412,0.500,0.7,0.9,0.688,1.4,6.3,7.6,1.5,1.8,0.3,0.8,3.1,8.2
No,Evan Turner,turneev01,2017,NBA,28,POR,SF,65,12,1658,5.1,12.0,0.426,0.7,2.6,0.263,4.4,9.4,0.470,0.454,1.8,2.2,0.825,0.8,4.6,5.4,4.5,1.2,0.5,2.2,2.6,12.7
No,Myles Turner,turnemy01,2017,NBA,20,IND,C,81,81,2541,6.3,12.3,0.511,0.6,1.6,0.348,5.7,10.7,0.536,0.534,3.5,4.3,0.809,2.0,6.4,8.3,1.5,1.0,2.4,1.5,3.7,16.6
No,Beno Udrih,udrihbe01,2017,NBA,34,DET,PG,39,0,560,5.9,12.7,0.467,0.7,2.1,0.344,5.2,10.6,0.491,0.495,2.1,2.2,0.941,0.4,3.3,3.7,8.4,0.8,0.0,2.3,1.9,14.6
No,Tyler Ulis,ulisty01,2017,NBA,21,PHO,PG,61,15,1123,5.9,14.0,0.421,0.7,2.5,0.266,5.2,11.5,0.455,0.445,1.8,2.3,0.775,0.6,2.4,3.0,7.2,1.5,0.2,2.5,2.3,14.2
No,Jarrod Uthoff,uthofja01,2017,NBA,23,DAL,PF,9,0,115,5.0,11.9,0.421,0.9,2.8,0.333,4.1,9.1,0.448,0.461,1.6,2.2,0.714,2.5,4.4,6.9,2.8,0.6,1.3,0.9,2.5,12.5
No,Jonas Valančiūnas,valanjo01,2017,NBA,24,TOR,C,80,80,2066,6.8,12.2,0.557,0.0,0.0,0.500,6.8,12.2,0.557,0.558,3.1,3.8,0.811,3.9,9.3,13.2,1.0,0.6,1.1,1.8,3.8,16.7
No,Denzel Valentine,valende01,2017,NBA,23,CHI,SG,57,0,976,3.8,10.6,0.354,2.7,7.7,0.351,1.1,3.0,0.363,0.481,0.5,0.7,0.778,0.4,5.2,5.6,2.3,1.1,0.3,1.8,3.2,10.7
No,Fred VanVleet,vanvlfr01,2017,NBA,22,TOR,PG,37,0,294,4.8,13.6,0.351,1.3,3.6,0.379,3.4,10.0,0.341,0.401,2.2,2.7,0.818,0.5,4.7,5.1,4.3,2.0,0.4,1.8,4.4,13.1
No,Anderson Varejão,varejan01,2017,NBA,34,GSW,C,14,1,92,2.0,5.5,0.357,0.0,0.0,,2.0,5.5,0.357,0.357,3.1,4.3,0.727,4.7,5.9,10.6,3.9,1.2,1.2,3.1,6.3,7.0
No,Greivis Vásquez,vasqugr01,2017,NBA,30,BRK,PG,3,0,39,1.8,7.4,0.250,0.9,2.8,0.333,0.9,4.6,0.200,0.313,1.8,2.8,0.667,0.0,1.8,1.8,4.6,0.9,0.9,0.9,5.5,6.5
No,Rashad Vaughn,vaughra01,2017,NBA,20,MIL,SG,41,2,458,4.5,12.3,0.365,2.0,6.4,0.321,2.4,5.9,0.413,0.449,0.2,0.4,0.400,0.3,3.5,3.9,1.8,1.5,0.8,1.1,2.5,11.2
No,Noah Vonleh,vonleno01,2017,NBA,21,POR,PF,74,41,1265,3.7,7.7,0.481,0.2,0.6,0.350,3.5,7.1,0.492,0.494,1.7,2.7,0.638,3.7,7.3,11.0,0.9,0.9,0.8,1.8,4.4,9.3
No,Nikola Vučević,vucevni01,2017,NBA,26,ORL,C,75,55,2163,8.0,17.2,0.468,0.4,1.2,0.307,7.7,15.9,0.481,0.480,1.8,2.7,0.669,2.9,10.0,13.0,3.5,1.3,1.2,1.9,3.0,18.2
No,Sasha Vujačić,vujacsa01,2017,NBA,32,NYK,SG,42,4,408,3.7,12.0,0.309,2.0,6.5,0.311,1.7,5.5,0.306,0.393,1.5,2.1,0.708,1.1,4.1,5.2,4.6,1.1,0.2,1.4,3.4,10.9
No,Dwyane Wade,wadedw01,2017,NBA,35,CHI,SG,60,59,1792,8.3,19.2,0.434,0.9,2.9,0.310,7.4,16.3,0.456,0.457,4.5,5.6,0.794,1.3,4.2,5.4,4.6,1.7,0.8,2.8,2.3,22.0
No,Dion Waiters,waitedi01,2017,NBA,25,MIA,SG,46,43,1384,7.3,17.2,0.424,2.2,5.6,0.395,5.1,11.7,0.438,0.488,2.1,3.3,0.646,0.5,3.5,4.0,5.2,1.1,0.5,2.7,2.5,19.0
No,Kemba Walker,walkeke02,2017,NBA,26,CHO,PG,79,79,2739,8.5,19.0,0.444,3.2,7.9,0.399,5.3,11.1,0.476,0.527,4.0,4.7,0.847,0.6,3.5,4.0,5.7,1.1,0.3,2.2,1.6,24.1
No,John Wall,walljo01,2017,NBA,26,WAS,PG,78,78,2836,8.2,18.2,0.451,1.1,3.5,0.327,7.1,14.8,0.480,0.482,5.4,6.7,0.801,0.7,3.4,4.1,10.5,2.0,0.6,4.1,1.9,22.9
No,T.J. Warren,warretj01,2017,NBA,23,PHO,SF,66,59,2048,7.1,14.3,0.495,0.5,1.7,0.265,6.6,12.6,0.527,0.511,2.1,2.7,0.773,2.2,3.8,6.0,1.3,1.3,0.7,1.0,3.1,16.7
No,C.J. Watson,watsocj01,2017,NBA,32,ORL,PG,62,9,1012,3.4,8.8,0.387,1.1,3.7,0.305,2.3,5.1,0.448,0.452,2.0,2.3,0.864,0.6,2.6,3.2,4.1,1.5,0.1,1.7,3.0,10.0
No,Briante Weber,weberbr01,2017,NBA,24,2TM,PG,20,0,205,4.4,10.5,0.417,0.2,1.8,0.100,4.2,8.8,0.480,0.425,1.9,2.8,0.688,1.4,3.2,4.6,3.7,2.1,0.2,1.4,2.8,10.9
No,Briante Weber,weberbr01,2017,NBA,24,GSW,PG,7,0,46,3.9,11.0,0.357,0.0,2.3,0.000,3.9,8.6,0.455,0.357,1.6,2.3,0.667,0.0,3.1,3.1,3.9,2.3,0.8,2.3,3.1,9.4
No,Briante Weber,weberbr01,2017,NBA,24,CHO,PG,13,0,159,4.5,10.4,0.435,0.2,1.6,0.143,4.3,8.8,0.487,0.446,2.0,2.9,0.692,1.8,3.2,5.0,3.6,2.0,0.0,1.1,2.7,11.3
No,Russell Westbrook,westbru01,2017,NBA,28,OKC,PG,81,81,2802,10.6,24.9,0.425,2.6,7.5,0.343,8.0,17.4,0.459,0.476,9.1,10.8,0.845,1.8,9.3,11.1,10.8,1.7,0.4,5.6,2.4,32.9
No,David West,westda01,2017,NBA,36,GSW,C,68,0,854,5.7,10.6,0.536,0.1,0.3,0.375,5.6,10.3,0.541,0.542,1.8,2.4,0.768,2.0,6.6,8.6,6.4,1.8,2.0,3.3,4.4,13.3
No,Hassan Whiteside,whiteha01,2017,NBA,27,MIA,C,77,77,2513,7.8,13.9,0.557,0.0,0.0,,7.8,13.9,0.557,0.557,3.2,5.1,0.628,4.2,11.4,15.6,0.8,0.8,2.3,2.2,3.2,18.8
No,Isaiah Whitehead,whiteis01,2017,NBA,21,BRK,PG,73,26,1643,4.5,11.1,0.402,1.0,3.3,0.295,3.5,7.9,0.446,0.445,2.0,2.5,0.805,0.7,3.3,4.0,4.2,0.9,0.8,3.1,3.8,11.9
No,Okaro White,whiteok01,2017,NBA,24,MIA,PF,35,0,471,2.5,6.6,0.379,0.9,2.6,0.353,1.6,4.1,0.396,0.448,1.5,1.7,0.909,1.9,4.4,6.3,1.6,0.8,0.8,1.4,4.0,7.5
No,Andrew Wiggins,wiggian01,2017,NBA,21,MIN,SF,82,82,3048,8.4,18.5,0.452,1.2,3.4,0.356,7.2,15.1,0.473,0.484,4.9,6.4,0.760,1.2,2.7,3.9,2.2,1.0,0.4,2.2,2.2,22.8
No,C.J. Wilcox,wilcocj01,2017,NBA,26,ORL,SG,22,0,108,2.7,10.3,0.258,1.0,5.0,0.200,1.7,5.3,0.313,0.306,0.7,0.7,1.000,1.3,2.7,4.0,4.0,0.7,0.3,2.0,2.7,7.0
No,Alan Williams,willial03,2017,NBA,24,PHO,C,47,0,708,7.0,13.6,0.517,0.0,0.1,0.000,7.0,13.5,0.519,0.517,3.6,5.7,0.625,4.8,10.1,14.8,1.2,1.4,1.6,1.9,6.4,17.6
No,Deron Williams,willide01,2017,NBA,32,2TM,PG,64,44,1657,5.7,13.0,0.438,1.8,5.1,0.363,3.9,8.0,0.486,0.509,2.0,2.4,0.826,0.3,2.9,3.2,7.8,0.7,0.2,3.0,3.0,15.2
No,Deron Williams,willide01,2017,NBA,32,DAL,PG,40,40,1171,6.0,13.9,0.430,1.9,5.6,0.348,4.1,8.4,0.485,0.500,2.1,2.6,0.821,0.4,2.7,3.1,8.4,0.8,0.1,3.0,3.0,16.0
No,Deron Williams,willide01,2017,NBA,32,CLE,PG,24,4,486,5.0,10.9,0.463,1.6,3.9,0.415,3.4,7.0,0.489,0.537,1.6,1.9,0.840,0.1,3.3,3.3,6.4,0.4,0.4,3.0,3.1,13.3
No,Derrick Williams,willide02,2017,NBA,25,2TM,PF,50,11,804,4.8,10.9,0.443,1.3,4.3,0.309,3.5,6.6,0.531,0.504,2.6,4.0,0.652,0.9,5.0,5.8,1.3,0.6,0.3,1.3,2.7,13.6
No,Derrick Williams,willide02,2017,NBA,25,MIA,PF,25,11,377,5.2,13.1,0.394,0.9,4.3,0.200,4.3,8.8,0.489,0.427,3.0,4.8,0.620,1.5,5.4,7.0,1.3,0.9,0.5,1.3,3.2,14.1
No,Derrick Williams,willide02,2017,NBA,25,CLE,PF,25,0,427,4.6,9.0,0.505,1.8,4.4,0.404,2.8,4.6,0.600,0.603,2.3,3.3,0.692,0.3,4.6,4.8,1.2,0.4,0.2,1.2,2.3,13.2
No,Lou Williams,willilo02,2017,NBA,30,2TM,SG,81,1,1994,7.7,18.0,0.429,2.9,8.1,0.365,4.8,10.0,0.480,0.511,7.3,8.3,0.880,0.5,3.2,3.6,4.3,1.4,0.4,2.9,1.7,25.7
No,Lou Williams,willilo02,2017,NBA,30,LAL,SG,58,1,1403,8.4,18.8,0.444,3.1,8.1,0.385,5.2,10.7,0.489,0.527,7.8,8.8,0.884,0.4,3.0,3.4,4.7,1.7,0.3,3.1,1.7,27.7
No,Lou Williams,willilo02,2017,NBA,30,HOU,SG,23,0,591,6.2,16.1,0.386,2.5,7.9,0.318,3.7,8.2,0.452,0.464,6.0,6.9,0.867,0.7,3.5,4.3,3.4,0.9,0.5,2.4,1.5,20.9
No,Marvin Williams,willima02,2017,NBA,30,CHO,PF,76,76,2295,4.7,11.0,0.422,1.9,5.6,0.350,2.7,5.5,0.494,0.510,2.1,2.4,0.873,1.4,6.4,7.8,1.7,0.9,0.8,0.9,2.1,13.3
No,Reggie Williams,willire02,2017,NBA,30,NOP,SF,6,0,79,3.6,10.5,0.348,2.3,5.0,0.455,1.4,5.5,0.250,0.457,2.7,3.2,0.857,0.9,1.8,2.7,1.8,1.4,0.0,0.0,0.9,12.3
No,Troy Williams,willitr02,2017,NBA,22,2TM,SF,30,16,557,4.7,10.8,0.437,1.2,4.0,0.290,3.6,6.8,0.524,0.491,1.4,2.1,0.656,1.0,3.5,4.5,1.6,1.7,0.6,2.1,3.9,12.0
No,Troy Williams,willitr02,2017,NBA,22,MEM,SF,24,13,418,4.4,10.6,0.415,0.9,3.5,0.244,3.5,7.1,0.500,0.455,1.3,2.2,0.600,0.5,3.4,3.9,1.6,2.1,0.8,2.2,3.6,10.9
No,Troy Williams,willitr02,2017,NBA,22,HOU,SF,6,3,139,5.7,11.4,0.500,2.1,5.4,0.381,3.6,6.0,0.609,0.591,1.6,1.8,0.857,2.3,3.9,6.2,1.6,0.8,0.3,1.6,4.7,15.0
No,Kyle Wiltjer,wiltjky01,2017,NBA,24,HOU,PF,14,0,44,3.3,11.5,0.286,3.3,10.6,0.308,0.0,0.8,0.000,0.429,0.8,1.6,0.500,3.3,4.9,8.2,1.6,2.5,0.8,4.1,3.3,10.6
No,Justise Winslow,winslju01,2017,NBA,20,MIA,SF,18,15,625,4.6,13.0,0.356,0.4,2.0,0.200,4.2,10.9,0.384,0.371,1.7,2.7,0.617,1.3,4.1,5.4,3.8,1.5,0.3,1.9,3.0,11.3
No,Jeff Withey,witheje01,2017,NBA,26,UTA,C,51,1,432,4.6,8.6,0.534,0.0,0.1,0.000,4.6,8.5,0.539,0.534,3.0,4.0,0.750,4.3,5.7,10.1,0.6,1.3,2.7,1.2,4.3,12.2
No,Christian Wood,woodch01,2017,NBA,21,CHO,PF,13,0,107,4.0,7.7,0.522,0.0,1.7,0.000,4.0,6.1,0.667,0.522,3.7,5.0,0.733,4.7,5.0,9.8,0.7,1.0,2.0,2.4,3.7,11.8
No,Brandan Wright,wrighbr03,2017,NBA,29,MEM,PF,28,5,447,6.7,10.9,0.615,0.0,0.1,0.000,6.7,10.8,0.619,0.615,1.9,2.8,0.657,2.5,3.8,6.3,1.2,0.9,1.6,0.8,3.4,15.2
No,Delon Wright,wrighde01,2017,NBA,24,TOR,PG,27,0,446,4.0,9.4,0.422,0.8,2.4,0.333,3.1,6.9,0.453,0.466,3.4,4.4,0.764,1.3,2.6,3.9,4.6,2.2,0.9,2.0,2.5,12.1
No,James Young,youngja01,2017,NBA,21,BOS,SG,29,0,220,4.1,9.5,0.431,2.0,5.7,0.343,2.1,3.8,0.565,0.534,1.0,1.5,0.667,1.0,3.3,4.3,0.7,1.6,0.3,0.7,2.5,11.1
No,Joe Young,youngjo01,2017,NBA,24,IND,PG,33,0,135,6.9,19.2,0.361,1.3,6.1,0.217,5.6,13.1,0.429,0.396,2.9,4.0,0.733,0.3,4.3,4.5,4.0,1.1,0.0,1.3,1.3,18.1
No,Nick Young,youngni01,2017,NBA,31,LAL,SG,60,60,1556,6.3,14.6,0.430,3.9,9.7,0.404,2.4,4.9,0.481,0.564,1.8,2.1,0.856,0.6,2.6,3.2,1.3,0.9,0.3,0.8,3.2,18.3
No,Thaddeus Young,youngth01,2017,NBA,28,IND,PF,74,74,2237,5.8,11.1,0.527,0.7,1.9,0.381,5.1,9.2,0.557,0.560,0.7,1.4,0.523,2.1,5.1,7.2,2.0,1.8,0.5,1.5,2.2,13.1
No,Cody Zeller,zelleco01,2017,NBA,24,CHO,C,62,58,1725,5.3,9.2,0.571,0.0,0.0,0.000,5.3,9.2,0.572,0.571,2.8,4.1,0.679,2.8,5.6,8.5,2.1,1.3,1.2,1.4,3.9,13.3
No,Tyler Zeller,zellety01,2017,NBA,27,BOS,C,51,5,525,5.3,10.8,0.494,0.0,0.1,0.000,5.3,10.8,0.497,0.494,1.5,2.7,0.564,2.9,5.6,8.5,2.9,0.5,1.4,1.4,4.2,12.2
No,Stephen Zimmerman,zimmest01,2017,NBA,20,ORL,C,19,0,108,3.3,10.3,0.323,0.0,0.0,,3.3,10.3,0.323,0.323,1.0,1.7,0.600,3.7,8.0,11.7,1.3,0.7,1.7,1.0,5.7,7.7
No,Paul Zipser,zipsepa01,2017,NBA,22,CHI,SF,44,18,843,3.8,9.4,0.398,1.4,4.2,0.333,2.3,5.2,0.451,0.473,1.3,1.7,0.775,0.6,4.7,5.3,1.5,0.6,0.7,1.7,3.3,10.2
No,Ivica Zubac,zubaciv01,2017,NBA,19,LAL,C,38,11,609,7.4,14.1,0.529,0.0,0.2,0.000,7.4,13.9,0.536,0.529,1.9,2.9,0.653,2.4,7.0,9.4,1.8,0.8,2.0,1.8,3.9,16.8
